0,1
0.0,0.0
1.0,0.0
2.0,1.0
3.0,1.0
4.0,1.0
5.0,0.0
6.0,-3.0
7.0,1.0
8.0,0.0
9.0,-1.0
10.0,0.0
11.0,1.0
12.0,-1.0
13.0,0.0
14.0,1.0
15.0,1.0
16.0,0.0
17.0,2.0
18.0,0.0
19.0,0.0
20.0,0.0
21.0,0.0
22.0,0.0
23.0,2.0
24.0,1.0
25.0,2.0
26.0,1.0
27.0,-1.0
28.0,1.0
29.0,1.0
30.0,0.0
31.0,0.0
32.0,-1.0
33.0,1.0
34.0,0.0
35.0,-1.0
36.0,1.0
37.0,-1.0
38.0,0.0
39.0,2.0
40.0,0.0
41.0,-3.0
42.0,2.0
43.0,1.0
44.0,0.0
45.0,1.0
46.0,1.0
47.0,0.0
48.0,2.0
49.0,-1.0
50.0,2.0
51.0,-1.0
52.0,2.0
53.0,1.0
54.0,0.0
55.0,0.0
56.0,-1.0
57.0,3.0
58.0,2.0
59.0,-1.0
60.0,2.0
61.0,0.0
62.0,1.0
63.0,1.0
64.0,2.0
65.0,3.0
66.0,-1.0
67.0,0.0
68.0,0.0
69.0,0.0
70.0,4.0
71.0,0.0
72.0,-1.0
73.0,0.0
74.0,3.0
75.0,2.0
76.0,4.0
77.0,3.0
78.0,-1.0
79.0,-4.0
80.0,1.0
81.0,2.0
82.0,1.0
83.0,-1.0
84.0,-1.0
85.0,2.0
86.0,2.0
87.0,-1.0
88.0,-3.0
89.0,-1.0
90.0,1.0
91.0,4.0
92.0,0.0
93.0,2.0
94.0,-1.0
95.0,2.0
96.0,1.0
97.0,0.0
98.0,1.0
99.0,1.0
100.0,4.0
101.0,-2.0
102.0,1.0
103.0,3.0
104.0,0.0
105.0,0.0
106.0,1.0
107.0,-4.0
108.0,2.0
109.0,3.0
110.0,0.0
111.0,1.0
112.0,0.0
113.0,0.0
114.0,0.0
115.0,2.0
116.0,3.0
117.0,1.0
118.0,4.0
119.0,0.0
120.0,0.0
121.0,1.0
122.0,0.0
123.0,-1.0
124.0,3.0
125.0,0.0
126.0,0.0
127.0,1.0
128.0,0.0
129.0,1.0
130.0,1.0
131.0,1.0
132.0,2.0
133.0,-1.0
134.0,1.0
135.0,1.0
136.0,4.0
137.0,2.0
138.0,3.0
139.0,2.0
140.0,3.0
141.0,2.0
142.0,2.0
143.0,-1.0
144.0,-1.0
145.0,2.0
146.0,4.0
147.0,2.0
148.0,0.0
149.0,2.0
150.0,4.0
151.0,3.0
152.0,5.0
153.0,3.0
154.0,1.0
155.0,0.0
156.0,1.0
157.0,1.0
158.0,5.0
159.0,8.0
160.0,-2.0
161.0,4.0
162.0,1.0
163.0,0.0
164.0,5.0
165.0,3.0
166.0,4.0
167.0,0.0
168.0,0.0
169.0,0.0
170.0,0.0
171.0,0.0
172.0,5.0
173.0,3.0
174.0,3.0
175.0,3.0
176.0,1.0
177.0,1.0
178.0,0.0
179.0,5.0
180.0,3.0
181.0,0.0
182.0,4.0
183.0,-1.0
184.0,5.0
185.0,7.0
186.0,1.0
187.0,2.0
188.0,0.0
189.0,2.0
190.0,1.0
191.0,6.0
192.0,8.0
193.0,3.0
194.0,6.0
195.0,2.0
196.0,2.0
197.0,6.0
198.0,7.0
199.0,4.0
200.0,3.0
201.0,2.0
202.0,3.0
203.0,5.0
204.0,-2.0
205.0,7.0
206.0,1.0
207.0,4.0
208.0,4.0
209.0,3.0
210.0,6.0
211.0,7.0
212.0,3.0
213.0,4.0
214.0,0.0
215.0,7.0
216.0,2.0
217.0,4.0
218.0,1.0
219.0,8.0
220.0,0.0
221.0,3.0
222.0,4.0
223.0,3.0
224.0,4.0
225.0,0.0
226.0,5.0
227.0,6.0
228.0,2.0
229.0,4.0
230.0,0.0
231.0,2.0
232.0,2.0
233.0,4.0
234.0,6.0
235.0,6.0
236.0,2.0
237.0,8.0
238.0,6.0
239.0,1.0
240.0,0.0
241.0,2.0
242.0,9.0
243.0,9.0
244.0,9.0
245.0,9.0
246.0,6.0
247.0,0.0
248.0,6.0
249.0,9.0
250.0,6.0
251.0,4.0
252.0,4.0
253.0,4.0
254.0,9.0
255.0,2.0
256.0,10.0
257.0,7.0
258.0,7.0
259.0,7.0
260.0,-1.0
261.0,6.0
262.0,6.0
263.0,16.0
264.0,8.0
265.0,9.0
266.0,7.0
267.0,10.0
268.0,6.0
269.0,2.0
270.0,6.0
271.0,8.0
272.0,9.0
273.0,5.0
274.0,3.0
275.0,9.0
276.0,5.0
277.0,2.0
278.0,1.0
279.0,9.0
280.0,5.0
281.0,8.0
282.0,10.0
283.0,2.0
284.0,7.0
285.0,8.0
286.0,4.0
287.0,1.0
288.0,7.0
289.0,13.0
290.0,5.0
291.0,5.0
292.0,9.0
293.0,5.0
294.0,6.0
295.0,6.0
296.0,10.0
297.0,9.0
298.0,0.0
299.0,8.0
300.0,5.0
301.0,11.0
302.0,3.0
303.0,6.0
304.0,9.0
305.0,6.0
306.0,8.0
307.0,10.0
308.0,16.0
309.0,6.0
310.0,3.0
311.0,1.0
312.0,3.0
313.0,7.0
314.0,8.0
315.0,10.0
316.0,8.0
317.0,19.0
318.0,9.0
319.0,12.0
320.0,9.0
321.0,9.0
322.0,5.0
323.0,4.0
324.0,14.0
325.0,8.0
326.0,5.0
327.0,16.0
328.0,17.0
329.0,11.0
330.0,10.0
331.0,1.0
332.0,10.0
333.0,8.0
334.0,4.0
335.0,11.0
336.0,4.0
337.0,4.0
338.0,14.0
339.0,12.0
340.0,0.0
341.0,9.0
342.0,5.0
343.0,9.0
344.0,9.0
345.0,21.0
346.0,12.0
347.0,13.0
348.0,10.0
349.0,8.0
350.0,4.0
351.0,5.0
352.0,12.0
353.0,11.0
354.0,6.0
355.0,7.0
356.0,11.0
357.0,12.0
358.0,16.0
359.0,9.0
360.0,9.0
361.0,12.0
362.0,5.0
363.0,10.0
364.0,3.0
365.0,12.0
366.0,9.0
367.0,5.0
368.0,0.0
369.0,3.0
370.0,1.0
371.0,14.0
372.0,14.0
373.0,14.0
374.0,12.0
375.0,2.0
376.0,12.0
377.0,11.0
378.0,6.0
379.0,6.0
380.0,16.0
381.0,9.0
382.0,13.0
383.0,10.0
384.0,14.0
385.0,7.0
386.0,6.0
387.0,10.0
388.0,11.0
389.0,4.0
390.0,18.0
391.0,10.0
392.0,2.0
393.0,7.0
394.0,19.0
395.0,3.0
396.0,9.0
397.0,14.0
398.0,10.0
399.0,12.0
400.0,8.0
401.0,3.0
402.0,9.0
403.0,12.0
404.0,10.0
405.0,20.0
406.0,15.0
407.0,14.0
408.0,6.0
409.0,3.0
410.0,10.0
411.0,11.0
412.0,10.0
413.0,22.0
414.0,20.0
415.0,5.0
416.0,23.0
417.0,10.0
418.0,8.0
419.0,6.0
420.0,10.0
421.0,20.0
422.0,11.0
423.0,12.0
424.0,13.0
425.0,4.0
426.0,9.0
427.0,9.0
428.0,17.0
429.0,4.0
430.0,14.0
431.0,18.0
432.0,8.0
433.0,16.0
434.0,15.0
435.0,4.0
436.0,13.0
437.0,15.0
438.0,12.0
439.0,9.0
440.0,14.0
441.0,15.0
442.0,11.0
443.0,14.0
444.0,10.0
445.0,6.0
446.0,5.0
447.0,17.0
448.0,2.0
449.0,12.0
450.0,10.0
451.0,15.0
452.0,9.0
453.0,8.0
454.0,16.0
455.0,7.0
456.0,20.0
457.0,12.0
458.0,13.0
459.0,6.0
460.0,6.0
461.0,0.0
462.0,13.0
463.0,13.0
464.0,6.0
465.0,16.0
466.0,18.0
467.0,5.0
468.0,4.0
469.0,10.0
470.0,20.0
471.0,12.0
472.0,6.0
473.0,10.0
474.0,1.0
475.0,6.0
476.0,5.0
477.0,16.0
478.0,11.0
479.0,20.0
480.0,12.0
481.0,6.0
482.0,6.0
483.0,15.0
484.0,12.0
485.0,14.0
486.0,10.0
487.0,16.0
488.0,8.0
489.0,11.0
490.0,8.0
491.0,6.0
492.0,10.0
493.0,14.0
494.0,20.0
495.0,16.0
496.0,7.0
497.0,14.0
498.0,16.0
499.0,3.0
500.0,12.0
501.0,10.0
502.0,17.0
503.0,12.0
504.0,6.0
505.0,11.0
506.0,16.0
507.0,13.0
508.0,10.0
509.0,9.0
510.0,11.0
511.0,2.0
512.0,13.0
513.0,12.0
514.0,4.0
515.0,11.0
516.0,5.0
517.0,17.0
518.0,6.0
519.0,4.0
520.0,11.0
521.0,12.0
522.0,10.0
523.0,14.0
524.0,6.0
525.0,10.0
526.0,0.0
527.0,15.0
528.0,11.0
529.0,5.0
530.0,15.0
531.0,12.0
532.0,20.0
533.0,6.0
534.0,14.0
535.0,2.0
536.0,3.0
537.0,16.0
538.0,12.0
539.0,15.0
540.0,6.0
541.0,6.0
542.0,18.0
543.0,9.0
544.0,13.0
545.0,7.0
546.0,5.0
547.0,20.0
548.0,14.0
549.0,4.0
550.0,17.0
551.0,17.0
552.0,8.0
553.0,10.0
554.0,16.0
555.0,9.0
556.0,4.0
557.0,18.0
558.0,12.0
559.0,12.0
560.0,13.0
561.0,11.0
562.0,20.0
563.0,14.0
564.0,4.0
565.0,11.0
566.0,10.0
567.0,10.0
568.0,18.0
569.0,7.0
570.0,14.0
571.0,11.0
572.0,13.0
573.0,8.0
574.0,21.0
575.0,10.0
576.0,10.0
577.0,6.0
578.0,19.0
579.0,10.0
580.0,1.0
581.0,10.0
582.0,10.0
583.0,11.0
584.0,14.0
585.0,16.0
586.0,17.0
587.0,17.0
588.0,15.0
589.0,17.0
590.0,11.0
591.0,3.0
592.0,14.0
593.0,19.0
594.0,16.0
595.0,24.0
596.0,9.0
597.0,7.0
598.0,13.0
599.0,6.0
600.0,8.0
601.0,5.0
602.0,11.0
603.0,8.0
604.0,13.0
605.0,15.0
606.0,3.0
607.0,7.0
608.0,11.0
609.0,9.0
610.0,1.0
611.0,5.0
612.0,21.0
613.0,7.0
614.0,16.0
615.0,16.0
616.0,14.0
617.0,11.0
618.0,8.0
619.0,4.0
620.0,5.0
621.0,9.0
622.0,17.0
623.0,17.0
624.0,13.0
625.0,18.0
626.0,12.0
627.0,13.0
628.0,11.0
629.0,14.0
630.0,10.0
631.0,14.0
632.0,2.0
633.0,10.0
634.0,6.0
635.0,21.0
636.0,2.0
637.0,-1.0
638.0,9.0
639.0,15.0
640.0,9.0
641.0,19.0
642.0,5.0
643.0,13.0
644.0,6.0
645.0,17.0
646.0,11.0
647.0,6.0
648.0,12.0
649.0,14.0
650.0,19.0
651.0,21.0
652.0,6.0
653.0,15.0
654.0,10.0
655.0,7.0
656.0,16.0
657.0,18.0
658.0,12.0
659.0,13.0
660.0,10.0
661.0,8.0
662.0,8.0
663.0,7.0
664.0,17.0
665.0,5.0
666.0,11.0
667.0,15.0
668.0,9.0
669.0,5.0
670.0,11.0
671.0,17.0
672.0,2.0
673.0,11.0
674.0,7.0
675.0,17.0
676.0,10.0
677.0,5.0
678.0,18.0
679.0,7.0
680.0,12.0
681.0,20.0
682.0,13.0
683.0,4.0
684.0,13.0
685.0,8.0
686.0,8.0
687.0,11.0
688.0,11.0
689.0,16.0
690.0,21.0
691.0,5.0
692.0,12.0
693.0,4.0
694.0,8.0
695.0,17.0
696.0,19.0
697.0,7.0
698.0,14.0
699.0,14.0
700.0,9.0
701.0,14.0
702.0,6.0
703.0,18.0
704.0,17.0
705.0,13.0
706.0,14.0
707.0,5.0
708.0,11.0
709.0,16.0
710.0,16.0
711.0,20.0
712.0,10.0
713.0,9.0
714.0,11.0
715.0,17.0
716.0,7.0
717.0,12.0
718.0,15.0
719.0,12.0
720.0,16.0
721.0,9.0
722.0,20.0
723.0,15.0
724.0,15.0
725.0,12.0
726.0,9.0
727.0,8.0
728.0,10.0
729.0,18.0
730.0,17.0
731.0,14.0
732.0,6.0
733.0,18.0
734.0,13.0
735.0,8.0
736.0,21.0
737.0,12.0
738.0,17.0
739.0,15.0
740.0,18.0
741.0,4.0
742.0,5.0
743.0,17.0
744.0,20.0
745.0,19.0
746.0,8.0
747.0,10.0
748.0,9.0
749.0,13.0
750.0,21.0
751.0,10.0
752.0,14.0
753.0,10.0
754.0,8.0
755.0,18.0
756.0,15.0
757.0,4.0
758.0,7.0
759.0,10.0
760.0,17.0
761.0,6.0
762.0,13.0
763.0,5.0
764.0,12.0
765.0,16.0
766.0,21.0
767.0,10.0
768.0,14.0
769.0,8.0
770.0,7.0
771.0,12.0
772.0,9.0
773.0,12.0
774.0,21.0
775.0,18.0
776.0,8.0
777.0,14.0
778.0,8.0
779.0,7.0
780.0,15.0
781.0,12.0
782.0,16.0
783.0,8.0
784.0,10.0
785.0,7.0
786.0,19.0
787.0,10.0
788.0,7.0
789.0,9.0
790.0,6.0
791.0,10.0
792.0,13.0
793.0,18.0
794.0,7.0
795.0,11.0
796.0,11.0
797.0,18.0
798.0,10.0
799.0,5.0
800.0,14.0
801.0,13.0
802.0,16.0
803.0,9.0
804.0,14.0
805.0,7.0
806.0,15.0
807.0,19.0
808.0,16.0
809.0,1.0
810.0,18.0
811.0,11.0
812.0,7.0
813.0,10.0
814.0,12.0
815.0,6.0
816.0,15.0
817.0,4.0
818.0,3.0
819.0,19.0
820.0,13.0
821.0,20.0
822.0,12.0
823.0,15.0
824.0,13.0
825.0,16.0
826.0,12.0
827.0,14.0
828.0,2.0
829.0,13.0
830.0,7.0
831.0,8.0
832.0,10.0
833.0,15.0
834.0,15.0
835.0,17.0
836.0,18.0
837.0,10.0
838.0,11.0
839.0,11.0
840.0,6.0
841.0,14.0
842.0,10.0
843.0,16.0
844.0,15.0
845.0,16.0
846.0,10.0
847.0,21.0
848.0,8.0
849.0,14.0
850.0,16.0
851.0,7.0
852.0,8.0
853.0,5.0
854.0,15.0
855.0,17.0
856.0,17.0
857.0,13.0
858.0,3.0
859.0,3.0
860.0,7.0
861.0,15.0
862.0,9.0
863.0,12.0
864.0,16.0
865.0,6.0
866.0,10.0
867.0,11.0
868.0,16.0
869.0,7.0
870.0,12.0
871.0,8.0
872.0,12.0
873.0,12.0
874.0,16.0
875.0,18.0
876.0,17.0
877.0,18.0
878.0,10.0
879.0,13.0
880.0,7.0
881.0,5.0
882.0,9.0
883.0,20.0
884.0,12.0
885.0,17.0
886.0,12.0
887.0,15.0
888.0,16.0
889.0,15.0
890.0,7.0
891.0,19.0
892.0,9.0
893.0,12.0
894.0,17.0
895.0,14.0
896.0,11.0
897.0,16.0
898.0,16.0
899.0,10.0
900.0,20.0
901.0,15.0
902.0,18.0
903.0,16.0
904.0,17.0
905.0,20.0
906.0,6.0
907.0,23.0
908.0,6.0
909.0,15.0
910.0,12.0
911.0,16.0
912.0,16.0
913.0,7.0
914.0,11.0
915.0,14.0
916.0,15.0
917.0,15.0
918.0,7.0
919.0,10.0
920.0,18.0
921.0,4.0
922.0,14.0
923.0,2.0
924.0,8.0
925.0,2.0
926.0,12.0
927.0,3.0
928.0,11.0
929.0,11.0
930.0,19.0
931.0,11.0
932.0,5.0
933.0,21.0
934.0,15.0
935.0,14.0
936.0,4.0
937.0,7.0
938.0,8.0
939.0,10.0
940.0,18.0
941.0,18.0
942.0,21.0
943.0,17.0
944.0,17.0
945.0,8.0
946.0,13.0
947.0,13.0
948.0,18.0
949.0,17.0
950.0,9.0
951.0,17.0
952.0,6.0
953.0,12.0
954.0,5.0
955.0,15.0
956.0,15.0
957.0,13.0
958.0,17.0
959.0,18.0
960.0,12.0
961.0,16.0
962.0,9.0
963.0,12.0
964.0,0.0
965.0,11.0
966.0,15.0
967.0,11.0
968.0,15.0
969.0,12.0
970.0,13.0
971.0,4.0
972.0,14.0
973.0,10.0
974.0,7.0
975.0,14.0
976.0,13.0
977.0,16.0
978.0,6.0
979.0,15.0
980.0,13.0
981.0,10.0
982.0,11.0
983.0,10.0
984.0,12.0
985.0,12.0
986.0,13.0
987.0,12.0
988.0,22.0
989.0,11.0
990.0,16.0
991.0,14.0
992.0,7.0
993.0,1.0
994.0,13.0
995.0,14.0
996.0,16.0
997.0,15.0
998.0,12.0
999.0,13.0
0.0,0.0
1.0,3.0
2.0,0.0
3.0,1.0
4.0,0.0
5.0,-3.0
6.0,1.0
7.0,-1.0
8.0,2.0
9.0,1.0
10.0,2.0
11.0,0.0
12.0,-1.0
13.0,-1.0
14.0,0.0
15.0,-1.0
16.0,-2.0
17.0,0.0
18.0,-1.0
19.0,1.0
20.0,0.0
21.0,-1.0
22.0,0.0
23.0,1.0
24.0,-1.0
25.0,3.0
26.0,-1.0
27.0,4.0
28.0,0.0
29.0,0.0
30.0,1.0
31.0,1.0
32.0,0.0
33.0,1.0
34.0,-1.0
35.0,1.0
36.0,1.0
37.0,3.0
38.0,1.0
39.0,1.0
40.0,2.0
41.0,0.0
42.0,-1.0
43.0,1.0
44.0,-1.0
45.0,1.0
46.0,1.0
47.0,5.0
48.0,-1.0
49.0,-1.0
50.0,3.0
51.0,1.0
52.0,-1.0
53.0,0.0
54.0,0.0
55.0,1.0
56.0,1.0
57.0,0.0
58.0,0.0
59.0,-1.0
60.0,1.0
61.0,0.0
62.0,2.0
63.0,0.0
64.0,-2.0
65.0,1.0
66.0,0.0
67.0,0.0
68.0,2.0
69.0,0.0
70.0,2.0
71.0,3.0
72.0,3.0
73.0,3.0
74.0,0.0
75.0,1.0
76.0,1.0
77.0,2.0
78.0,-1.0
79.0,-1.0
80.0,3.0
81.0,-1.0
82.0,4.0
83.0,2.0
84.0,4.0
85.0,-1.0
86.0,4.0
87.0,4.0
88.0,2.0
89.0,1.0
90.0,3.0
91.0,5.0
92.0,0.0
93.0,3.0
94.0,-1.0
95.0,4.0
96.0,2.0
97.0,3.0
98.0,0.0
99.0,3.0
100.0,5.0
101.0,3.0
102.0,2.0
103.0,1.0
104.0,2.0
105.0,3.0
106.0,0.0
107.0,3.0
108.0,3.0
109.0,1.0
110.0,-1.0
111.0,2.0
112.0,0.0
113.0,4.0
114.0,2.0
115.0,4.0
116.0,3.0
117.0,4.0
118.0,4.0
119.0,3.0
120.0,1.0
121.0,3.0
122.0,1.0
123.0,4.0
124.0,7.0
125.0,2.0
126.0,0.0
127.0,2.0
128.0,3.0
129.0,4.0
130.0,8.0
131.0,5.0
132.0,1.0
133.0,4.0
134.0,6.0
135.0,5.0
136.0,6.0
137.0,3.0
138.0,8.0
139.0,1.0
140.0,4.0
141.0,1.0
142.0,6.0
143.0,3.0
144.0,4.0
145.0,3.0
146.0,6.0
147.0,5.0
148.0,6.0
149.0,8.0
150.0,1.0
151.0,6.0
152.0,2.0
153.0,4.0
154.0,4.0
155.0,2.0
156.0,7.0
157.0,3.0
158.0,3.0
159.0,6.0
160.0,3.0
161.0,3.0
162.0,5.0
163.0,6.0
164.0,1.0
165.0,7.0
166.0,8.0
167.0,9.0
168.0,2.0
169.0,5.0
170.0,2.0
171.0,6.0
172.0,5.0
173.0,6.0
174.0,6.0
175.0,3.0
176.0,4.0
177.0,2.0
178.0,6.0
179.0,8.0
180.0,11.0
181.0,6.0
182.0,3.0
183.0,6.0
184.0,6.0
185.0,1.0
186.0,8.0
187.0,5.0
188.0,7.0
189.0,4.0
190.0,3.0
191.0,4.0
192.0,8.0
193.0,-1.0
194.0,6.0
195.0,4.0
196.0,9.0
197.0,6.0
198.0,3.0
199.0,6.0
200.0,7.0
201.0,7.0
202.0,15.0
203.0,0.0
204.0,6.0
205.0,11.0
206.0,8.0
207.0,5.0
208.0,9.0
209.0,12.0
210.0,9.0
211.0,6.0
212.0,5.0
213.0,9.0
214.0,8.0
215.0,5.0
216.0,8.0
217.0,7.0
218.0,5.0
219.0,10.0
220.0,6.0
221.0,9.0
222.0,2.0
223.0,6.0
224.0,6.0
225.0,11.0
226.0,11.0
227.0,11.0
228.0,11.0
229.0,8.0
230.0,11.0
231.0,6.0
232.0,9.0
233.0,12.0
234.0,3.0
235.0,9.0
236.0,10.0
237.0,13.0
238.0,14.0
239.0,10.0
240.0,8.0
241.0,10.0
242.0,8.0
243.0,12.0
244.0,7.0
245.0,6.0
246.0,10.0
247.0,10.0
248.0,15.0
249.0,5.0
250.0,6.0
251.0,10.0
252.0,9.0
253.0,10.0
254.0,10.0
255.0,12.0
256.0,4.0
257.0,5.0
258.0,10.0
259.0,5.0
260.0,8.0
261.0,11.0
262.0,9.0
263.0,14.0
264.0,10.0
265.0,10.0
266.0,12.0
267.0,6.0
268.0,8.0
269.0,7.0
270.0,1.0
271.0,8.0
272.0,2.0
273.0,10.0
274.0,11.0
275.0,6.0
276.0,11.0
277.0,11.0
278.0,8.0
279.0,9.0
280.0,10.0
281.0,14.0
282.0,9.0
283.0,11.0
284.0,13.0
285.0,12.0
286.0,7.0
287.0,6.0
288.0,15.0
289.0,8.0
290.0,7.0
291.0,8.0
292.0,6.0
293.0,11.0
294.0,5.0
295.0,13.0
296.0,14.0
297.0,13.0
298.0,10.0
299.0,6.0
300.0,11.0
301.0,14.0
302.0,8.0
303.0,6.0
304.0,11.0
305.0,18.0
306.0,7.0
307.0,10.0
308.0,10.0
309.0,10.0
310.0,10.0
311.0,16.0
312.0,9.0
313.0,16.0
314.0,10.0
315.0,4.0
316.0,11.0
317.0,12.0
318.0,11.0
319.0,8.0
320.0,10.0
321.0,15.0
322.0,7.0
323.0,9.0
324.0,13.0
325.0,9.0
326.0,14.0
327.0,15.0
328.0,16.0
329.0,17.0
330.0,11.0
331.0,10.0
332.0,9.0
333.0,17.0
334.0,5.0
335.0,18.0
336.0,6.0
337.0,4.0
338.0,18.0
339.0,4.0
340.0,11.0
341.0,13.0
342.0,12.0
343.0,11.0
344.0,5.0
345.0,16.0
346.0,15.0
347.0,18.0
348.0,13.0
349.0,9.0
350.0,10.0
351.0,11.0
352.0,13.0
353.0,18.0
354.0,6.0
355.0,15.0
356.0,14.0
357.0,18.0
358.0,7.0
359.0,14.0
360.0,10.0
361.0,12.0
362.0,11.0
363.0,11.0
364.0,14.0
365.0,6.0
366.0,17.0
367.0,1.0
368.0,9.0
369.0,16.0
370.0,15.0
371.0,11.0
372.0,15.0
373.0,0.0
374.0,6.0
375.0,16.0
376.0,11.0
377.0,10.0
378.0,6.0
379.0,11.0
380.0,9.0
381.0,16.0
382.0,14.0
383.0,7.0
384.0,16.0
385.0,10.0
386.0,8.0
387.0,16.0
388.0,5.0
389.0,3.0
390.0,8.0
391.0,7.0
392.0,5.0
393.0,11.0
394.0,20.0
395.0,2.0
396.0,1.0
397.0,2.0
398.0,8.0
399.0,16.0
400.0,13.0
401.0,20.0
402.0,10.0
403.0,14.0
404.0,10.0
405.0,12.0
406.0,10.0
407.0,16.0
408.0,9.0
409.0,17.0
410.0,15.0
411.0,6.0
412.0,15.0
413.0,21.0
414.0,2.0
415.0,12.0
416.0,10.0
417.0,2.0
418.0,8.0
419.0,17.0
420.0,10.0
421.0,12.0
422.0,12.0
423.0,14.0
424.0,6.0
425.0,7.0
426.0,15.0
427.0,10.0
428.0,16.0
429.0,1.0
430.0,9.0
431.0,5.0
432.0,6.0
433.0,7.0
434.0,15.0
435.0,18.0
436.0,11.0
437.0,14.0
438.0,20.0
439.0,16.0
440.0,13.0
441.0,22.0
442.0,15.0
443.0,15.0
444.0,4.0
445.0,11.0
446.0,13.0
447.0,10.0
448.0,13.0
449.0,2.0
450.0,9.0
451.0,6.0
452.0,8.0
453.0,9.0
454.0,12.0
455.0,17.0
456.0,15.0
457.0,7.0
458.0,13.0
459.0,12.0
460.0,16.0
461.0,17.0
462.0,15.0
463.0,14.0
464.0,14.0
465.0,16.0
466.0,7.0
467.0,16.0
468.0,17.0
469.0,20.0
470.0,9.0
471.0,18.0
472.0,16.0
473.0,14.0
474.0,13.0
475.0,8.0
476.0,15.0
477.0,5.0
478.0,11.0
479.0,6.0
480.0,15.0
481.0,20.0
482.0,16.0
483.0,17.0
484.0,16.0
485.0,6.0
486.0,2.0
487.0,18.0
488.0,11.0
489.0,11.0
490.0,10.0
491.0,12.0
492.0,12.0
493.0,12.0
494.0,14.0
495.0,14.0
496.0,8.0
497.0,10.0
498.0,12.0
499.0,8.0
500.0,13.0
501.0,15.0
502.0,8.0
503.0,10.0
504.0,16.0
505.0,9.0
506.0,11.0
507.0,13.0
508.0,1.0
509.0,7.0
510.0,15.0
511.0,12.0
512.0,16.0
513.0,15.0
514.0,16.0
515.0,14.0
516.0,21.0
517.0,12.0
518.0,20.0
519.0,19.0
520.0,14.0
521.0,12.0
522.0,5.0
523.0,3.0
524.0,16.0
525.0,2.0
526.0,17.0
527.0,7.0
528.0,4.0
529.0,17.0
530.0,8.0
531.0,12.0
532.0,12.0
533.0,11.0
534.0,15.0
535.0,17.0
536.0,9.0
537.0,17.0
538.0,10.0
539.0,16.0
540.0,15.0
541.0,9.0
542.0,8.0
543.0,21.0
544.0,15.0
545.0,19.0
546.0,6.0
547.0,8.0
548.0,7.0
549.0,6.0
550.0,5.0
551.0,13.0
552.0,19.0
553.0,19.0
554.0,8.0
555.0,11.0
556.0,6.0
557.0,11.0
558.0,13.0
559.0,11.0
560.0,7.0
561.0,11.0
562.0,6.0
563.0,10.0
564.0,11.0
565.0,11.0
566.0,3.0
567.0,1.0
568.0,17.0
569.0,13.0
570.0,6.0
571.0,17.0
572.0,16.0
573.0,8.0
574.0,11.0
575.0,7.0
576.0,20.0
577.0,15.0
578.0,8.0
579.0,19.0
580.0,22.0
581.0,12.0
582.0,23.0
583.0,22.0
584.0,18.0
585.0,19.0
586.0,19.0
587.0,4.0
588.0,10.0
589.0,17.0
590.0,13.0
591.0,15.0
592.0,8.0
593.0,19.0
594.0,19.0
595.0,9.0
596.0,13.0
597.0,7.0
598.0,13.0
599.0,9.0
600.0,17.0
601.0,17.0
602.0,0.0
603.0,12.0
604.0,10.0
605.0,12.0
606.0,12.0
607.0,13.0
608.0,15.0
609.0,9.0
610.0,20.0
611.0,22.0
612.0,16.0
613.0,14.0
614.0,9.0
615.0,15.0
616.0,13.0
617.0,16.0
618.0,22.0
619.0,13.0
620.0,10.0
621.0,5.0
622.0,15.0
623.0,15.0
624.0,10.0
625.0,7.0
626.0,14.0
627.0,1.0
628.0,5.0
629.0,9.0
630.0,12.0
631.0,13.0
632.0,4.0
633.0,4.0
634.0,7.0
635.0,9.0
636.0,9.0
637.0,22.0
638.0,1.0
639.0,13.0
640.0,10.0
641.0,11.0
642.0,2.0
643.0,1.0
644.0,14.0
645.0,15.0
646.0,10.0
647.0,12.0
648.0,10.0
649.0,3.0
650.0,10.0
651.0,11.0
652.0,7.0
653.0,8.0
654.0,15.0
655.0,11.0
656.0,17.0
657.0,14.0
658.0,6.0
659.0,13.0
660.0,10.0
661.0,10.0
662.0,12.0
663.0,12.0
664.0,6.0
665.0,5.0
666.0,14.0
667.0,9.0
668.0,7.0
669.0,17.0
670.0,17.0
671.0,10.0
672.0,4.0
673.0,9.0
674.0,6.0
675.0,8.0
676.0,9.0
677.0,6.0
678.0,13.0
679.0,8.0
680.0,13.0
681.0,13.0
682.0,18.0
683.0,9.0
684.0,14.0
685.0,8.0
686.0,11.0
687.0,0.0
688.0,10.0
689.0,3.0
690.0,9.0
691.0,4.0
692.0,12.0
693.0,10.0
694.0,11.0
695.0,10.0
696.0,15.0
697.0,13.0
698.0,8.0
699.0,11.0
700.0,17.0
701.0,18.0
702.0,20.0
703.0,15.0
704.0,16.0
705.0,11.0
706.0,7.0
707.0,12.0
708.0,10.0
709.0,8.0
710.0,20.0
711.0,17.0
712.0,18.0
713.0,15.0
714.0,15.0
715.0,16.0
716.0,7.0
717.0,11.0
718.0,7.0
719.0,0.0
720.0,9.0
721.0,10.0
722.0,14.0
723.0,7.0
724.0,20.0
725.0,6.0
726.0,6.0
727.0,21.0
728.0,13.0
729.0,7.0
730.0,8.0
731.0,18.0
732.0,17.0
733.0,7.0
734.0,17.0
735.0,16.0
736.0,11.0
737.0,16.0
738.0,4.0
739.0,2.0
740.0,10.0
741.0,12.0
742.0,14.0
743.0,3.0
744.0,17.0
745.0,13.0
746.0,15.0
747.0,4.0
748.0,11.0
749.0,9.0
750.0,7.0
751.0,13.0
752.0,9.0
753.0,13.0
754.0,9.0
755.0,12.0
756.0,19.0
757.0,11.0
758.0,16.0
759.0,14.0
760.0,17.0
761.0,17.0
762.0,17.0
763.0,9.0
764.0,15.0
765.0,7.0
766.0,8.0
767.0,10.0
768.0,5.0
769.0,21.0
770.0,15.0
771.0,4.0
772.0,15.0
773.0,18.0
774.0,17.0
775.0,9.0
776.0,5.0
777.0,17.0
778.0,18.0
779.0,11.0
780.0,18.0
781.0,11.0
782.0,14.0
783.0,8.0
784.0,6.0
785.0,25.0
786.0,9.0
787.0,11.0
788.0,13.0
789.0,11.0
790.0,7.0
791.0,15.0
792.0,14.0
793.0,14.0
794.0,17.0
795.0,5.0
796.0,19.0
797.0,12.0
798.0,13.0
799.0,19.0
800.0,14.0
801.0,21.0
802.0,10.0
803.0,22.0
804.0,18.0
805.0,8.0
806.0,16.0
807.0,2.0
808.0,10.0
809.0,17.0
810.0,18.0
811.0,16.0
812.0,12.0
813.0,17.0
814.0,15.0
815.0,14.0
816.0,11.0
817.0,16.0
818.0,14.0
819.0,5.0
820.0,7.0
821.0,12.0
822.0,18.0
823.0,20.0
824.0,7.0
825.0,15.0
826.0,22.0
827.0,13.0
828.0,17.0
829.0,9.0
830.0,18.0
831.0,6.0
832.0,18.0
833.0,15.0
834.0,15.0
835.0,7.0
836.0,7.0
837.0,13.0
838.0,10.0
839.0,15.0
840.0,16.0
841.0,8.0
842.0,16.0
843.0,1.0
844.0,16.0
845.0,9.0
846.0,12.0
847.0,10.0
848.0,16.0
849.0,14.0
850.0,14.0
851.0,10.0
852.0,8.0
853.0,14.0
854.0,21.0
855.0,9.0
856.0,12.0
857.0,4.0
858.0,9.0
859.0,14.0
860.0,15.0
861.0,19.0
862.0,12.0
863.0,20.0
864.0,12.0
865.0,3.0
866.0,8.0
867.0,14.0
868.0,9.0
869.0,4.0
870.0,15.0
871.0,19.0
872.0,11.0
873.0,17.0
874.0,11.0
875.0,13.0
876.0,21.0
877.0,19.0
878.0,9.0
879.0,15.0
880.0,9.0
881.0,12.0
882.0,15.0
883.0,13.0
884.0,11.0
885.0,4.0
886.0,16.0
887.0,12.0
888.0,14.0
889.0,16.0
890.0,18.0
891.0,7.0
892.0,7.0
893.0,9.0
894.0,14.0
895.0,8.0
896.0,11.0
897.0,11.0
898.0,5.0
899.0,8.0
900.0,20.0
901.0,18.0
902.0,6.0
903.0,15.0
904.0,16.0
905.0,14.0
906.0,15.0
907.0,15.0
908.0,9.0
909.0,16.0
910.0,16.0
911.0,14.0
912.0,13.0
913.0,11.0
914.0,10.0
915.0,13.0
916.0,15.0
917.0,18.0
918.0,10.0
919.0,13.0
920.0,6.0
921.0,18.0
922.0,13.0
923.0,8.0
924.0,8.0
925.0,10.0
926.0,7.0
927.0,3.0
928.0,14.0
929.0,15.0
930.0,9.0
931.0,10.0
932.0,5.0
933.0,17.0
934.0,18.0
935.0,11.0
936.0,14.0
937.0,17.0
938.0,4.0
939.0,9.0
940.0,19.0
941.0,19.0
942.0,13.0
943.0,17.0
944.0,10.0
945.0,11.0
946.0,1.0
947.0,14.0
948.0,8.0
949.0,4.0
950.0,10.0
951.0,15.0
952.0,11.0
953.0,16.0
954.0,13.0
955.0,11.0
956.0,16.0
957.0,14.0
958.0,17.0
959.0,10.0
960.0,14.0
961.0,0.0
962.0,12.0
963.0,14.0
964.0,9.0
965.0,11.0
966.0,18.0
967.0,14.0
968.0,15.0
969.0,8.0
970.0,17.0
971.0,13.0
972.0,22.0
973.0,6.0
974.0,9.0
975.0,10.0
976.0,13.0
977.0,7.0
978.0,17.0
979.0,11.0
980.0,14.0
981.0,16.0
982.0,12.0
983.0,8.0
984.0,13.0
985.0,9.0
986.0,15.0
987.0,14.0
988.0,9.0
989.0,13.0
990.0,14.0
991.0,18.0
992.0,13.0
993.0,11.0
994.0,14.0
995.0,17.0
996.0,18.0
997.0,9.0
998.0,6.0
999.0,18.0
0.0,0.0
1.0,1.0
2.0,-2.0
3.0,0.0
4.0,-1.0
5.0,-1.0
6.0,0.0
7.0,0.0
8.0,5.0
9.0,0.0
10.0,2.0
11.0,-1.0
12.0,-1.0
13.0,0.0
14.0,0.0
15.0,-1.0
16.0,-1.0
17.0,1.0
18.0,0.0
19.0,1.0
20.0,0.0
21.0,2.0
22.0,-1.0
23.0,-1.0
24.0,1.0
25.0,2.0
26.0,0.0
27.0,0.0
28.0,-1.0
29.0,0.0
30.0,2.0
31.0,0.0
32.0,2.0
33.0,2.0
34.0,0.0
35.0,-1.0
36.0,0.0
37.0,-1.0
38.0,3.0
39.0,-1.0
40.0,1.0
41.0,2.0
42.0,0.0
43.0,1.0
44.0,0.0
45.0,0.0
46.0,2.0
47.0,0.0
48.0,0.0
49.0,0.0
50.0,1.0
51.0,1.0
52.0,-1.0
53.0,2.0
54.0,3.0
55.0,3.0
56.0,-1.0
57.0,1.0
58.0,1.0
59.0,1.0
60.0,0.0
61.0,-1.0
62.0,0.0
63.0,2.0
64.0,1.0
65.0,1.0
66.0,1.0
67.0,2.0
68.0,1.0
69.0,3.0
70.0,0.0
71.0,-1.0
72.0,1.0
73.0,1.0
74.0,0.0
75.0,1.0
76.0,1.0
77.0,-1.0
78.0,-1.0
79.0,-1.0
80.0,2.0
81.0,-1.0
82.0,2.0
83.0,4.0
84.0,1.0
85.0,2.0
86.0,3.0
87.0,1.0
88.0,-1.0
89.0,4.0
90.0,3.0
91.0,0.0
92.0,6.0
93.0,2.0
94.0,1.0
95.0,3.0
96.0,2.0
97.0,5.0
98.0,3.0
99.0,3.0
100.0,3.0
101.0,3.0
102.0,3.0
103.0,1.0
104.0,1.0
105.0,2.0
106.0,2.0
107.0,4.0
108.0,3.0
109.0,1.0
110.0,2.0
111.0,3.0
112.0,2.0
113.0,1.0
114.0,3.0
115.0,2.0
116.0,1.0
117.0,0.0
118.0,4.0
119.0,1.0
120.0,0.0
121.0,0.0
122.0,2.0
123.0,4.0
124.0,2.0
125.0,2.0
126.0,3.0
127.0,3.0
128.0,2.0
129.0,4.0
130.0,5.0
131.0,4.0
132.0,2.0
133.0,7.0
134.0,4.0
135.0,0.0
136.0,1.0
137.0,3.0
138.0,6.0
139.0,5.0
140.0,3.0
141.0,0.0
142.0,3.0
143.0,3.0
144.0,9.0
145.0,1.0
146.0,2.0
147.0,6.0
148.0,5.0
149.0,5.0
150.0,9.0
151.0,2.0
152.0,5.0
153.0,3.0
154.0,2.0
155.0,3.0
156.0,10.0
157.0,3.0
158.0,5.0
159.0,5.0
160.0,6.0
161.0,6.0
162.0,5.0
163.0,8.0
164.0,0.0
165.0,7.0
166.0,6.0
167.0,3.0
168.0,7.0
169.0,6.0
170.0,4.0
171.0,1.0
172.0,4.0
173.0,6.0
174.0,2.0
175.0,8.0
176.0,7.0
177.0,6.0
178.0,0.0
179.0,4.0
180.0,-1.0
181.0,3.0
182.0,10.0
183.0,4.0
184.0,5.0
185.0,8.0
186.0,5.0
187.0,5.0
188.0,6.0
189.0,6.0
190.0,6.0
191.0,9.0
192.0,7.0
193.0,5.0
194.0,3.0
195.0,4.0
196.0,7.0
197.0,7.0
198.0,8.0
199.0,6.0
200.0,10.0
201.0,6.0
202.0,8.0
203.0,7.0
204.0,2.0
205.0,7.0
206.0,5.0
207.0,6.0
208.0,8.0
209.0,7.0
210.0,6.0
211.0,1.0
212.0,5.0
213.0,10.0
214.0,6.0
215.0,13.0
216.0,9.0
217.0,9.0
218.0,8.0
219.0,9.0
220.0,5.0
221.0,4.0
222.0,7.0
223.0,7.0
224.0,4.0
225.0,7.0
226.0,6.0
227.0,8.0
228.0,14.0
229.0,8.0
230.0,3.0
231.0,4.0
232.0,6.0
233.0,8.0
234.0,4.0
235.0,8.0
236.0,8.0
237.0,12.0
238.0,5.0
239.0,11.0
240.0,11.0
241.0,1.0
242.0,9.0
243.0,8.0
244.0,9.0
245.0,15.0
246.0,9.0
247.0,11.0
248.0,6.0
249.0,7.0
250.0,8.0
251.0,8.0
252.0,11.0
253.0,12.0
254.0,4.0
255.0,10.0
256.0,11.0
257.0,8.0
258.0,7.0
259.0,12.0
260.0,1.0
261.0,7.0
262.0,8.0
263.0,12.0
264.0,7.0
265.0,7.0
266.0,14.0
267.0,10.0
268.0,6.0
269.0,6.0
270.0,10.0
271.0,7.0
272.0,10.0
273.0,5.0
274.0,5.0
275.0,13.0
276.0,12.0
277.0,9.0
278.0,6.0
279.0,16.0
280.0,10.0
281.0,6.0
282.0,16.0
283.0,9.0
284.0,11.0
285.0,10.0
286.0,4.0
287.0,9.0
288.0,13.0
289.0,18.0
290.0,3.0
291.0,7.0
292.0,13.0
293.0,7.0
294.0,9.0
295.0,13.0
296.0,15.0
297.0,8.0
298.0,12.0
299.0,15.0
300.0,15.0
301.0,8.0
302.0,4.0
303.0,9.0
304.0,9.0
305.0,10.0
306.0,11.0
307.0,14.0
308.0,11.0
309.0,17.0
310.0,18.0
311.0,5.0
312.0,20.0
313.0,18.0
314.0,6.0
315.0,13.0
316.0,8.0
317.0,9.0
318.0,8.0
319.0,12.0
320.0,11.0
321.0,9.0
322.0,7.0
323.0,4.0
324.0,17.0
325.0,10.0
326.0,17.0
327.0,19.0
328.0,9.0
329.0,15.0
330.0,18.0
331.0,9.0
332.0,6.0
333.0,14.0
334.0,16.0
335.0,10.0
336.0,8.0
337.0,4.0
338.0,8.0
339.0,4.0
340.0,12.0
341.0,18.0
342.0,5.0
343.0,15.0
344.0,17.0
345.0,8.0
346.0,16.0
347.0,12.0
348.0,4.0
349.0,11.0
350.0,11.0
351.0,18.0
352.0,11.0
353.0,9.0
354.0,11.0
355.0,14.0
356.0,16.0
357.0,8.0
358.0,5.0
359.0,9.0
360.0,10.0
361.0,12.0
362.0,17.0
363.0,19.0
364.0,7.0
365.0,15.0
366.0,10.0
367.0,7.0
368.0,11.0
369.0,18.0
370.0,11.0
371.0,6.0
372.0,18.0
373.0,10.0
374.0,9.0
375.0,11.0
376.0,8.0
377.0,15.0
378.0,15.0
379.0,12.0
380.0,10.0
381.0,7.0
382.0,20.0
383.0,19.0
384.0,11.0
385.0,12.0
386.0,15.0
387.0,17.0
388.0,9.0
389.0,3.0
390.0,8.0
391.0,12.0
392.0,9.0
393.0,8.0
394.0,13.0
395.0,8.0
396.0,16.0
397.0,17.0
398.0,10.0
399.0,13.0
400.0,10.0
401.0,11.0
402.0,8.0
403.0,5.0
404.0,17.0
405.0,10.0
406.0,16.0
407.0,17.0
408.0,7.0
409.0,18.0
410.0,8.0
411.0,3.0
412.0,4.0
413.0,11.0
414.0,15.0
415.0,15.0
416.0,9.0
417.0,14.0
418.0,16.0
419.0,16.0
420.0,18.0
421.0,12.0
422.0,15.0
423.0,9.0
424.0,9.0
425.0,17.0
426.0,16.0
427.0,5.0
428.0,4.0
429.0,3.0
430.0,15.0
431.0,10.0
432.0,13.0
433.0,15.0
434.0,17.0
435.0,20.0
436.0,6.0
437.0,10.0
438.0,19.0
439.0,6.0
440.0,10.0
441.0,17.0
442.0,19.0
443.0,9.0
444.0,18.0
445.0,10.0
446.0,11.0
447.0,17.0
448.0,17.0
449.0,11.0
450.0,17.0
451.0,8.0
452.0,17.0
453.0,17.0
454.0,6.0
455.0,25.0
456.0,3.0
457.0,21.0
458.0,5.0
459.0,14.0
460.0,13.0
461.0,4.0
462.0,4.0
463.0,15.0
464.0,17.0
465.0,10.0
466.0,20.0
467.0,9.0
468.0,13.0
469.0,5.0
470.0,11.0
471.0,13.0
472.0,15.0
473.0,17.0
474.0,9.0
475.0,4.0
476.0,7.0
477.0,2.0
478.0,11.0
479.0,14.0
480.0,0.0
481.0,15.0
482.0,18.0
483.0,9.0
484.0,14.0
485.0,6.0
486.0,9.0
487.0,15.0
488.0,5.0
489.0,15.0
490.0,10.0
491.0,7.0
492.0,9.0
493.0,11.0
494.0,16.0
495.0,14.0
496.0,12.0
497.0,14.0
498.0,13.0
499.0,10.0
500.0,11.0
501.0,21.0
502.0,12.0
503.0,8.0
504.0,8.0
505.0,17.0
506.0,21.0
507.0,12.0
508.0,19.0
509.0,16.0
510.0,14.0
511.0,17.0
512.0,12.0
513.0,10.0
514.0,10.0
515.0,7.0
516.0,20.0
517.0,11.0
518.0,15.0
519.0,16.0
520.0,19.0
521.0,17.0
522.0,12.0
523.0,15.0
524.0,15.0
525.0,20.0
526.0,4.0
527.0,12.0
528.0,16.0
529.0,17.0
530.0,11.0
531.0,14.0
532.0,4.0
533.0,10.0
534.0,7.0
535.0,15.0
536.0,19.0
537.0,5.0
538.0,16.0
539.0,16.0
540.0,15.0
541.0,8.0
542.0,5.0
543.0,7.0
544.0,6.0
545.0,15.0
546.0,13.0
547.0,3.0
548.0,9.0
549.0,9.0
550.0,19.0
551.0,18.0
552.0,9.0
553.0,3.0
554.0,15.0
555.0,8.0
556.0,11.0
557.0,9.0
558.0,5.0
559.0,1.0
560.0,16.0
561.0,9.0
562.0,9.0
563.0,16.0
564.0,8.0
565.0,18.0
566.0,14.0
567.0,3.0
568.0,12.0
569.0,6.0
570.0,16.0
571.0,12.0
572.0,9.0
573.0,8.0
574.0,15.0
575.0,5.0
576.0,18.0
577.0,14.0
578.0,14.0
579.0,8.0
580.0,12.0
581.0,15.0
582.0,2.0
583.0,16.0
584.0,16.0
585.0,13.0
586.0,13.0
587.0,13.0
588.0,19.0
589.0,9.0
590.0,19.0
591.0,9.0
592.0,9.0
593.0,15.0
594.0,13.0
595.0,16.0
596.0,8.0
597.0,10.0
598.0,16.0
599.0,14.0
600.0,22.0
601.0,13.0
602.0,11.0
603.0,12.0
604.0,17.0
605.0,2.0
606.0,14.0
607.0,5.0
608.0,18.0
609.0,17.0
610.0,11.0
611.0,18.0
612.0,12.0
613.0,15.0
614.0,11.0
615.0,10.0
616.0,12.0
617.0,5.0
618.0,18.0
619.0,12.0
620.0,17.0
621.0,19.0
622.0,16.0
623.0,12.0
624.0,16.0
625.0,17.0
626.0,18.0
627.0,6.0
628.0,17.0
629.0,16.0
630.0,7.0
631.0,4.0
632.0,10.0
633.0,7.0
634.0,13.0
635.0,19.0
636.0,15.0
637.0,14.0
638.0,16.0
639.0,19.0
640.0,17.0
641.0,7.0
642.0,3.0
643.0,10.0
644.0,4.0
645.0,9.0
646.0,18.0
647.0,14.0
648.0,12.0
649.0,10.0
650.0,17.0
651.0,19.0
652.0,12.0
653.0,9.0
654.0,9.0
655.0,19.0
656.0,22.0
657.0,17.0
658.0,19.0
659.0,16.0
660.0,20.0
661.0,14.0
662.0,9.0
663.0,11.0
664.0,14.0
665.0,18.0
666.0,9.0
667.0,19.0
668.0,11.0
669.0,8.0
670.0,15.0
671.0,6.0
672.0,11.0
673.0,8.0
674.0,19.0
675.0,16.0
676.0,16.0
677.0,12.0
678.0,15.0
679.0,16.0
680.0,13.0
681.0,4.0
682.0,14.0
683.0,20.0
684.0,13.0
685.0,19.0
686.0,16.0
687.0,17.0
688.0,11.0
689.0,12.0
690.0,15.0
691.0,14.0
692.0,9.0
693.0,12.0
694.0,18.0
695.0,12.0
696.0,13.0
697.0,14.0
698.0,7.0
699.0,20.0
700.0,17.0
701.0,6.0
702.0,17.0
703.0,17.0
704.0,10.0
705.0,21.0
706.0,14.0
707.0,9.0
708.0,15.0
709.0,10.0
710.0,6.0
711.0,14.0
712.0,18.0
713.0,12.0
714.0,11.0
715.0,22.0
716.0,14.0
717.0,19.0
718.0,6.0
719.0,13.0
720.0,24.0
721.0,20.0
722.0,6.0
723.0,14.0
724.0,3.0
725.0,12.0
726.0,20.0
727.0,9.0
728.0,3.0
729.0,4.0
730.0,15.0
731.0,18.0
732.0,16.0
733.0,12.0
734.0,17.0
735.0,0.0
736.0,17.0
737.0,20.0
738.0,6.0
739.0,18.0
740.0,18.0
741.0,13.0
742.0,15.0
743.0,14.0
744.0,14.0
745.0,9.0
746.0,8.0
747.0,12.0
748.0,6.0
749.0,2.0
750.0,15.0
751.0,8.0
752.0,16.0
753.0,14.0
754.0,17.0
755.0,14.0
756.0,17.0
757.0,9.0
758.0,18.0
759.0,14.0
760.0,1.0
761.0,20.0
762.0,14.0
763.0,11.0
764.0,18.0
765.0,18.0
766.0,21.0
767.0,16.0
768.0,16.0
769.0,3.0
770.0,11.0
771.0,18.0
772.0,12.0
773.0,12.0
774.0,13.0
775.0,4.0
776.0,14.0
777.0,17.0
778.0,8.0
779.0,11.0
780.0,16.0
781.0,16.0
782.0,20.0
783.0,15.0
784.0,7.0
785.0,14.0
786.0,14.0
787.0,14.0
788.0,9.0
789.0,16.0
790.0,19.0
791.0,25.0
792.0,12.0
793.0,14.0
794.0,15.0
795.0,19.0
796.0,11.0
797.0,7.0
798.0,14.0
799.0,1.0
800.0,10.0
801.0,7.0
802.0,10.0
803.0,15.0
804.0,15.0
805.0,15.0
806.0,21.0
807.0,5.0
808.0,19.0
809.0,22.0
810.0,4.0
811.0,19.0
812.0,11.0
813.0,14.0
814.0,20.0
815.0,13.0
816.0,12.0
817.0,13.0
818.0,6.0
819.0,26.0
820.0,12.0
821.0,11.0
822.0,16.0
823.0,9.0
824.0,10.0
825.0,16.0
826.0,18.0
827.0,14.0
828.0,16.0
829.0,18.0
830.0,4.0
831.0,16.0
832.0,14.0
833.0,17.0
834.0,15.0
835.0,17.0
836.0,23.0
837.0,18.0
838.0,18.0
839.0,13.0
840.0,16.0
841.0,10.0
842.0,19.0
843.0,16.0
844.0,14.0
845.0,11.0
846.0,22.0
847.0,6.0
848.0,18.0
849.0,10.0
850.0,11.0
851.0,14.0
852.0,14.0
853.0,13.0
854.0,17.0
855.0,19.0
856.0,2.0
857.0,15.0
858.0,11.0
859.0,17.0
860.0,10.0
861.0,17.0
862.0,14.0
863.0,11.0
864.0,15.0
865.0,14.0
866.0,13.0
867.0,17.0
868.0,3.0
869.0,19.0
870.0,5.0
871.0,7.0
872.0,14.0
873.0,18.0
874.0,12.0
875.0,16.0
876.0,18.0
877.0,14.0
878.0,3.0
879.0,21.0
880.0,9.0
881.0,15.0
882.0,17.0
883.0,21.0
884.0,18.0
885.0,23.0
886.0,16.0
887.0,11.0
888.0,18.0
889.0,17.0
890.0,17.0
891.0,17.0
892.0,6.0
893.0,15.0
894.0,19.0
895.0,23.0
896.0,17.0
897.0,17.0
898.0,12.0
899.0,11.0
900.0,12.0
901.0,10.0
902.0,16.0
903.0,14.0
904.0,9.0
905.0,11.0
906.0,19.0
907.0,9.0
908.0,14.0
909.0,12.0
910.0,17.0
911.0,13.0
912.0,12.0
913.0,12.0
914.0,14.0
915.0,16.0
916.0,9.0
917.0,2.0
918.0,21.0
919.0,13.0
920.0,5.0
921.0,19.0
922.0,16.0
923.0,17.0
924.0,19.0
925.0,16.0
926.0,16.0
927.0,20.0
928.0,7.0
929.0,22.0
930.0,7.0
931.0,12.0
932.0,15.0
933.0,15.0
934.0,13.0
935.0,7.0
936.0,17.0
937.0,18.0
938.0,16.0
939.0,18.0
940.0,10.0
941.0,23.0
942.0,10.0
943.0,8.0
944.0,14.0
945.0,18.0
946.0,18.0
947.0,19.0
948.0,4.0
949.0,4.0
950.0,10.0
951.0,20.0
952.0,14.0
953.0,18.0
954.0,18.0
955.0,10.0
956.0,12.0
957.0,13.0
958.0,3.0
959.0,18.0
960.0,4.0
961.0,16.0
962.0,5.0
963.0,12.0
964.0,16.0
965.0,16.0
966.0,17.0
967.0,10.0
968.0,15.0
969.0,19.0
970.0,18.0
971.0,10.0
972.0,13.0
973.0,18.0
974.0,14.0
975.0,9.0
976.0,11.0
977.0,17.0
978.0,5.0
979.0,8.0
980.0,16.0
981.0,16.0
982.0,11.0
983.0,16.0
984.0,12.0
985.0,18.0
986.0,9.0
987.0,6.0
988.0,17.0
989.0,5.0
990.0,9.0
991.0,16.0
992.0,14.0
993.0,12.0
994.0,21.0
995.0,10.0
996.0,15.0
997.0,9.0
998.0,15.0
999.0,11.0
0.0,0.0
1.0,0.0
2.0,1.0
3.0,0.0
4.0,0.0
5.0,0.0
6.0,0.0
7.0,0.0
8.0,0.0
9.0,-1.0
10.0,1.0
11.0,0.0
12.0,0.0
13.0,0.0
14.0,3.0
15.0,1.0
16.0,2.0
17.0,1.0
18.0,0.0
19.0,2.0
20.0,-1.0
21.0,2.0
22.0,0.0
23.0,2.0
24.0,1.0
25.0,0.0
26.0,0.0
27.0,2.0
28.0,1.0
29.0,0.0
30.0,0.0
31.0,0.0
32.0,0.0
33.0,-1.0
34.0,0.0
35.0,2.0
36.0,0.0
37.0,3.0
38.0,0.0
39.0,1.0
40.0,-1.0
41.0,0.0
42.0,1.0
43.0,1.0
44.0,0.0
45.0,-1.0
46.0,1.0
47.0,1.0
48.0,0.0
49.0,2.0
50.0,3.0
51.0,0.0
52.0,1.0
53.0,1.0
54.0,1.0
55.0,2.0
56.0,1.0
57.0,0.0
58.0,-2.0
59.0,2.0
60.0,1.0
61.0,0.0
62.0,1.0
63.0,-1.0
64.0,1.0
65.0,1.0
66.0,0.0
67.0,1.0
68.0,0.0
69.0,0.0
70.0,3.0
71.0,-2.0
72.0,3.0
73.0,1.0
74.0,0.0
75.0,1.0
76.0,2.0
77.0,2.0
78.0,4.0
79.0,2.0
80.0,1.0
81.0,-2.0
82.0,2.0
83.0,4.0
84.0,0.0
85.0,2.0
86.0,2.0
87.0,0.0
88.0,1.0
89.0,2.0
90.0,1.0
91.0,3.0
92.0,0.0
93.0,3.0
94.0,1.0
95.0,5.0
96.0,1.0
97.0,3.0
98.0,1.0
99.0,4.0
100.0,3.0
101.0,1.0
102.0,1.0
103.0,1.0
104.0,2.0
105.0,2.0
106.0,1.0
107.0,6.0
108.0,0.0
109.0,1.0
110.0,5.0
111.0,4.0
112.0,2.0
113.0,1.0
114.0,2.0
115.0,3.0
116.0,4.0
117.0,2.0
118.0,3.0
119.0,8.0
120.0,3.0
121.0,4.0
122.0,5.0
123.0,4.0
124.0,4.0
125.0,7.0
126.0,2.0
127.0,3.0
128.0,-1.0
129.0,0.0
130.0,4.0
131.0,1.0
132.0,5.0
133.0,7.0
134.0,7.0
135.0,2.0
136.0,3.0
137.0,7.0
138.0,5.0
139.0,5.0
140.0,2.0
141.0,3.0
142.0,1.0
143.0,4.0
144.0,2.0
145.0,2.0
146.0,3.0
147.0,3.0
148.0,3.0
149.0,3.0
150.0,8.0
151.0,3.0
152.0,1.0
153.0,3.0
154.0,5.0
155.0,3.0
156.0,4.0
157.0,3.0
158.0,2.0
159.0,7.0
160.0,3.0
161.0,7.0
162.0,5.0
163.0,2.0
164.0,5.0
165.0,7.0
166.0,3.0
167.0,6.0
168.0,4.0
169.0,11.0
170.0,5.0
171.0,6.0
172.0,7.0
173.0,4.0
174.0,2.0
175.0,6.0
176.0,5.0
177.0,5.0
178.0,7.0
179.0,5.0
180.0,3.0
181.0,5.0
182.0,9.0
183.0,5.0
184.0,6.0
185.0,6.0
186.0,5.0
187.0,4.0
188.0,6.0
189.0,6.0
190.0,3.0
191.0,9.0
192.0,9.0
193.0,7.0
194.0,7.0
195.0,3.0
196.0,7.0
197.0,8.0
198.0,4.0
199.0,7.0
200.0,12.0
201.0,4.0
202.0,5.0
203.0,12.0
204.0,4.0
205.0,3.0
206.0,9.0
207.0,5.0
208.0,1.0
209.0,7.0
210.0,8.0
211.0,10.0
212.0,7.0
213.0,4.0
214.0,6.0
215.0,7.0
216.0,9.0
217.0,5.0
218.0,8.0
219.0,8.0
220.0,8.0
221.0,9.0
222.0,6.0
223.0,9.0
224.0,8.0
225.0,8.0
226.0,3.0
227.0,11.0
228.0,6.0
229.0,8.0
230.0,3.0
231.0,6.0
232.0,11.0
233.0,7.0
234.0,12.0
235.0,9.0
236.0,12.0
237.0,6.0
238.0,8.0
239.0,5.0
240.0,10.0
241.0,11.0
242.0,7.0
243.0,7.0
244.0,8.0
245.0,13.0
246.0,8.0
247.0,11.0
248.0,12.0
249.0,10.0
250.0,11.0
251.0,12.0
252.0,14.0
253.0,10.0
254.0,12.0
255.0,4.0
256.0,6.0
257.0,16.0
258.0,11.0
259.0,6.0
260.0,3.0
261.0,9.0
262.0,13.0
263.0,10.0
264.0,13.0
265.0,4.0
266.0,5.0
267.0,5.0
268.0,5.0
269.0,14.0
270.0,7.0
271.0,10.0
272.0,6.0
273.0,9.0
274.0,9.0
275.0,8.0
276.0,11.0
277.0,12.0
278.0,11.0
279.0,10.0
280.0,11.0
281.0,12.0
282.0,10.0
283.0,11.0
284.0,10.0
285.0,16.0
286.0,13.0
287.0,15.0
288.0,6.0
289.0,12.0
290.0,13.0
291.0,9.0
292.0,14.0
293.0,13.0
294.0,10.0
295.0,8.0
296.0,11.0
297.0,12.0
298.0,9.0
299.0,9.0
300.0,9.0
301.0,15.0
302.0,4.0
303.0,12.0
304.0,12.0
305.0,18.0
306.0,5.0
307.0,19.0
308.0,12.0
309.0,19.0
310.0,10.0
311.0,14.0
312.0,17.0
313.0,13.0
314.0,9.0
315.0,15.0
316.0,14.0
317.0,14.0
318.0,9.0
319.0,11.0
320.0,12.0
321.0,15.0
322.0,12.0
323.0,14.0
324.0,15.0
325.0,7.0
326.0,8.0
327.0,13.0
328.0,11.0
329.0,12.0
330.0,8.0
331.0,13.0
332.0,6.0
333.0,5.0
334.0,11.0
335.0,18.0
336.0,12.0
337.0,14.0
338.0,16.0
339.0,16.0
340.0,20.0
341.0,14.0
342.0,17.0
343.0,12.0
344.0,16.0
345.0,18.0
346.0,16.0
347.0,10.0
348.0,6.0
349.0,7.0
350.0,19.0
351.0,12.0
352.0,15.0
353.0,19.0
354.0,17.0
355.0,16.0
356.0,11.0
357.0,8.0
358.0,18.0
359.0,18.0
360.0,15.0
361.0,21.0
362.0,16.0
363.0,19.0
364.0,19.0
365.0,6.0
366.0,21.0
367.0,18.0
368.0,13.0
369.0,5.0
370.0,15.0
371.0,10.0
372.0,16.0
373.0,15.0
374.0,14.0
375.0,8.0
376.0,8.0
377.0,9.0
378.0,18.0
379.0,22.0
380.0,9.0
381.0,16.0
382.0,17.0
383.0,14.0
384.0,8.0
385.0,23.0
386.0,12.0
387.0,15.0
388.0,18.0
389.0,16.0
390.0,19.0
391.0,21.0
392.0,15.0
393.0,15.0
394.0,15.0
395.0,7.0
396.0,11.0
397.0,19.0
398.0,14.0
399.0,14.0
400.0,21.0
401.0,15.0
402.0,15.0
403.0,16.0
404.0,15.0
405.0,14.0
406.0,15.0
407.0,4.0
408.0,17.0
409.0,16.0
410.0,17.0
411.0,22.0
412.0,15.0
413.0,7.0
414.0,20.0
415.0,19.0
416.0,21.0
417.0,15.0
418.0,17.0
419.0,13.0
420.0,8.0
421.0,8.0
422.0,11.0
423.0,22.0
424.0,13.0
425.0,20.0
426.0,21.0
427.0,13.0
428.0,21.0
429.0,18.0
430.0,7.0
431.0,8.0
432.0,13.0
433.0,16.0
434.0,20.0
435.0,17.0
436.0,11.0
437.0,10.0
438.0,12.0
439.0,9.0
440.0,17.0
441.0,16.0
442.0,17.0
443.0,13.0
444.0,12.0
445.0,15.0
446.0,23.0
447.0,14.0
448.0,18.0
449.0,7.0
450.0,15.0
451.0,16.0
452.0,17.0
453.0,19.0
454.0,12.0
455.0,2.0
456.0,12.0
457.0,16.0
458.0,22.0
459.0,17.0
460.0,6.0
461.0,13.0
462.0,15.0
463.0,12.0
464.0,11.0
465.0,15.0
466.0,15.0
467.0,19.0
468.0,12.0
469.0,14.0
470.0,13.0
471.0,13.0
472.0,20.0
473.0,10.0
474.0,22.0
475.0,15.0
476.0,17.0
477.0,9.0
478.0,16.0
479.0,11.0
480.0,16.0
481.0,5.0
482.0,14.0
483.0,5.0
484.0,8.0
485.0,19.0
486.0,13.0
487.0,18.0
488.0,7.0
489.0,11.0
490.0,16.0
491.0,11.0
492.0,19.0
493.0,19.0
494.0,19.0
495.0,16.0
496.0,15.0
497.0,13.0
498.0,14.0
499.0,19.0
500.0,12.0
501.0,19.0
502.0,20.0
503.0,11.0
504.0,22.0
505.0,3.0
506.0,15.0
507.0,17.0
508.0,6.0
509.0,5.0
510.0,12.0
511.0,16.0
512.0,18.0
513.0,8.0
514.0,14.0
515.0,15.0
516.0,15.0
517.0,16.0
518.0,17.0
519.0,14.0
520.0,14.0
521.0,18.0
522.0,11.0
523.0,14.0
524.0,15.0
525.0,14.0
526.0,15.0
527.0,11.0
528.0,21.0
529.0,17.0
530.0,14.0
531.0,12.0
532.0,12.0
533.0,10.0
534.0,3.0
535.0,16.0
536.0,17.0
537.0,17.0
538.0,5.0
539.0,14.0
540.0,14.0
541.0,16.0
542.0,16.0
543.0,13.0
544.0,7.0
545.0,15.0
546.0,12.0
547.0,17.0
548.0,20.0
549.0,3.0
550.0,8.0
551.0,18.0
552.0,1.0
553.0,20.0
554.0,7.0
555.0,17.0
556.0,5.0
557.0,10.0
558.0,18.0
559.0,9.0
560.0,7.0
561.0,10.0
562.0,23.0
563.0,17.0
564.0,16.0
565.0,2.0
566.0,13.0
567.0,14.0
568.0,13.0
569.0,3.0
570.0,3.0
571.0,17.0
572.0,11.0
573.0,12.0
574.0,13.0
575.0,4.0
576.0,12.0
577.0,4.0
578.0,20.0
579.0,6.0
580.0,9.0
581.0,-1.0
582.0,16.0
583.0,16.0
584.0,10.0
585.0,9.0
586.0,22.0
587.0,12.0
588.0,13.0
589.0,10.0
590.0,10.0
591.0,17.0
592.0,13.0
593.0,13.0
594.0,6.0
595.0,9.0
596.0,13.0
597.0,19.0
598.0,13.0
599.0,23.0
600.0,9.0
601.0,12.0
602.0,15.0
603.0,11.0
604.0,19.0
605.0,10.0
606.0,19.0
607.0,9.0
608.0,16.0
609.0,20.0
610.0,20.0
611.0,17.0
612.0,14.0
613.0,16.0
614.0,12.0
615.0,14.0
616.0,17.0
617.0,13.0
618.0,18.0
619.0,13.0
620.0,16.0
621.0,8.0
622.0,17.0
623.0,0.0
624.0,16.0
625.0,15.0
626.0,7.0
627.0,3.0
628.0,5.0
629.0,18.0
630.0,16.0
631.0,9.0
632.0,6.0
633.0,11.0
634.0,12.0
635.0,22.0
636.0,15.0
637.0,12.0
638.0,17.0
639.0,18.0
640.0,19.0
641.0,19.0
642.0,19.0
643.0,7.0
644.0,18.0
645.0,16.0
646.0,16.0
647.0,18.0
648.0,9.0
649.0,19.0
650.0,8.0
651.0,22.0
652.0,18.0
653.0,9.0
654.0,15.0
655.0,18.0
656.0,15.0
657.0,11.0
658.0,21.0
659.0,15.0
660.0,13.0
661.0,12.0
662.0,11.0
663.0,17.0
664.0,4.0
665.0,17.0
666.0,14.0
667.0,16.0
668.0,17.0
669.0,19.0
670.0,12.0
671.0,18.0
672.0,14.0
673.0,11.0
674.0,20.0
675.0,14.0
676.0,13.0
677.0,21.0
678.0,25.0
679.0,7.0
680.0,10.0
681.0,11.0
682.0,21.0
683.0,22.0
684.0,9.0
685.0,9.0
686.0,13.0
687.0,13.0
688.0,9.0
689.0,14.0
690.0,14.0
691.0,15.0
692.0,12.0
693.0,12.0
694.0,20.0
695.0,14.0
696.0,13.0
697.0,16.0
698.0,18.0
699.0,10.0
700.0,1.0
701.0,21.0
702.0,14.0
703.0,12.0
704.0,4.0
705.0,14.0
706.0,19.0
707.0,14.0
708.0,4.0
709.0,17.0
710.0,22.0
711.0,19.0
712.0,10.0
713.0,16.0
714.0,6.0
715.0,12.0
716.0,5.0
717.0,19.0
718.0,11.0
719.0,16.0
720.0,17.0
721.0,16.0
722.0,18.0
723.0,10.0
724.0,9.0
725.0,14.0
726.0,12.0
727.0,6.0
728.0,18.0
729.0,18.0
730.0,9.0
731.0,18.0
732.0,16.0
733.0,18.0
734.0,12.0
735.0,12.0
736.0,9.0
737.0,21.0
738.0,18.0
739.0,20.0
740.0,14.0
741.0,0.0
742.0,5.0
743.0,17.0
744.0,9.0
745.0,13.0
746.0,8.0
747.0,17.0
748.0,10.0
749.0,16.0
750.0,6.0
751.0,20.0
752.0,12.0
753.0,11.0
754.0,22.0
755.0,18.0
756.0,12.0
757.0,15.0
758.0,15.0
759.0,17.0
760.0,26.0
761.0,18.0
762.0,16.0
763.0,8.0
764.0,17.0
765.0,17.0
766.0,17.0
767.0,15.0
768.0,14.0
769.0,5.0
770.0,16.0
771.0,19.0
772.0,12.0
773.0,16.0
774.0,16.0
775.0,14.0
776.0,19.0
777.0,9.0
778.0,20.0
779.0,16.0
780.0,6.0
781.0,19.0
782.0,19.0
783.0,14.0
784.0,16.0
785.0,20.0
786.0,20.0
787.0,15.0
788.0,15.0
789.0,14.0
790.0,9.0
791.0,18.0
792.0,15.0
793.0,20.0
794.0,19.0
795.0,10.0
796.0,12.0
797.0,12.0
798.0,15.0
799.0,22.0
800.0,13.0
801.0,17.0
802.0,17.0
803.0,12.0
804.0,14.0
805.0,9.0
806.0,11.0
807.0,20.0
808.0,10.0
809.0,13.0
810.0,17.0
811.0,6.0
812.0,7.0
813.0,13.0
814.0,13.0
815.0,19.0
816.0,16.0
817.0,14.0
818.0,14.0
819.0,17.0
820.0,13.0
821.0,13.0
822.0,17.0
823.0,14.0
824.0,13.0
825.0,16.0
826.0,16.0
827.0,17.0
828.0,16.0
829.0,16.0
830.0,14.0
831.0,7.0
832.0,18.0
833.0,14.0
834.0,17.0
835.0,12.0
836.0,20.0
837.0,17.0
838.0,8.0
839.0,12.0
840.0,9.0
841.0,13.0
842.0,9.0
843.0,13.0
844.0,11.0
845.0,20.0
846.0,11.0
847.0,16.0
848.0,14.0
849.0,11.0
850.0,20.0
851.0,9.0
852.0,10.0
853.0,22.0
854.0,19.0
855.0,7.0
856.0,17.0
857.0,14.0
858.0,10.0
859.0,18.0
860.0,8.0
861.0,10.0
862.0,10.0
863.0,21.0
864.0,13.0
865.0,20.0
866.0,17.0
867.0,21.0
868.0,9.0
869.0,9.0
870.0,16.0
871.0,11.0
872.0,18.0
873.0,15.0
874.0,19.0
875.0,6.0
876.0,11.0
877.0,12.0
878.0,13.0
879.0,10.0
880.0,16.0
881.0,11.0
882.0,11.0
883.0,15.0
884.0,16.0
885.0,27.0
886.0,8.0
887.0,14.0
888.0,18.0
889.0,15.0
890.0,14.0
891.0,13.0
892.0,14.0
893.0,6.0
894.0,14.0
895.0,22.0
896.0,15.0
897.0,14.0
898.0,9.0
899.0,7.0
900.0,2.0
901.0,20.0
902.0,15.0
903.0,12.0
904.0,16.0
905.0,18.0
906.0,16.0
907.0,16.0
908.0,18.0
909.0,9.0
910.0,20.0
911.0,21.0
912.0,18.0
913.0,16.0
914.0,16.0
915.0,19.0
916.0,4.0
917.0,19.0
918.0,20.0
919.0,17.0
920.0,21.0
921.0,14.0
922.0,15.0
923.0,22.0
924.0,13.0
925.0,17.0
926.0,14.0
927.0,14.0
928.0,16.0
929.0,20.0
930.0,20.0
931.0,17.0
932.0,8.0
933.0,13.0
934.0,10.0
935.0,20.0
936.0,8.0
937.0,16.0
938.0,21.0
939.0,18.0
940.0,18.0
941.0,16.0
942.0,16.0
943.0,19.0
944.0,16.0
945.0,24.0
946.0,9.0
947.0,11.0
948.0,16.0
949.0,9.0
950.0,18.0
951.0,14.0
952.0,8.0
953.0,12.0
954.0,16.0
955.0,17.0
956.0,19.0
957.0,14.0
958.0,11.0
959.0,21.0
960.0,11.0
961.0,9.0
962.0,12.0
963.0,17.0
964.0,3.0
965.0,13.0
966.0,12.0
967.0,12.0
968.0,17.0
969.0,12.0
970.0,18.0
971.0,20.0
972.0,19.0
973.0,12.0
974.0,16.0
975.0,12.0
976.0,21.0
977.0,9.0
978.0,20.0
979.0,15.0
980.0,16.0
981.0,19.0
982.0,13.0
983.0,14.0
984.0,15.0
985.0,22.0
986.0,17.0
987.0,12.0
988.0,16.0
989.0,12.0
990.0,20.0
991.0,8.0
992.0,6.0
993.0,6.0
994.0,12.0
995.0,17.0
996.0,14.0
997.0,9.0
998.0,20.0
999.0,9.0
0.0,0.0
1.0,-1.0
2.0,2.0
3.0,1.0
4.0,1.0
5.0,-2.0
6.0,0.0
7.0,0.0
8.0,1.0
9.0,1.0
10.0,-2.0
11.0,0.0
12.0,0.0
13.0,-2.0
14.0,0.0
15.0,0.0
16.0,0.0
17.0,-2.0
18.0,-2.0
19.0,-1.0
20.0,0.0
21.0,1.0
22.0,1.0
23.0,0.0
24.0,3.0
25.0,1.0
26.0,1.0
27.0,1.0
28.0,-2.0
29.0,-1.0
30.0,-1.0
31.0,1.0
32.0,0.0
33.0,0.0
34.0,1.0
35.0,1.0
36.0,-1.0
37.0,1.0
38.0,1.0
39.0,0.0
40.0,-1.0
41.0,1.0
42.0,0.0
43.0,-1.0
44.0,2.0
45.0,0.0
46.0,0.0
47.0,2.0
48.0,1.0
49.0,-1.0
50.0,2.0
51.0,3.0
52.0,0.0
53.0,0.0
54.0,1.0
55.0,-1.0
56.0,1.0
57.0,-1.0
58.0,3.0
59.0,1.0
60.0,0.0
61.0,-2.0
62.0,0.0
63.0,2.0
64.0,2.0
65.0,0.0
66.0,3.0
67.0,5.0
68.0,2.0
69.0,-1.0
70.0,4.0
71.0,0.0
72.0,1.0
73.0,-1.0
74.0,1.0
75.0,2.0
76.0,3.0
77.0,0.0
78.0,1.0
79.0,0.0
80.0,4.0
81.0,0.0
82.0,2.0
83.0,4.0
84.0,3.0
85.0,2.0
86.0,2.0
87.0,-3.0
88.0,2.0
89.0,1.0
90.0,2.0
91.0,2.0
92.0,1.0
93.0,0.0
94.0,2.0
95.0,4.0
96.0,1.0
97.0,3.0
98.0,-1.0
99.0,4.0
100.0,2.0
101.0,3.0
102.0,3.0
103.0,5.0
104.0,3.0
105.0,1.0
106.0,4.0
107.0,6.0
108.0,2.0
109.0,2.0
110.0,3.0
111.0,3.0
112.0,4.0
113.0,2.0
114.0,1.0
115.0,2.0
116.0,2.0
117.0,3.0
118.0,4.0
119.0,3.0
120.0,1.0
121.0,1.0
122.0,6.0
123.0,1.0
124.0,4.0
125.0,4.0
126.0,5.0
127.0,4.0
128.0,4.0
129.0,3.0
130.0,3.0
131.0,3.0
132.0,3.0
133.0,5.0
134.0,4.0
135.0,5.0
136.0,4.0
137.0,5.0
138.0,0.0
139.0,5.0
140.0,5.0
141.0,2.0
142.0,1.0
143.0,4.0
144.0,4.0
145.0,3.0
146.0,4.0
147.0,3.0
148.0,8.0
149.0,1.0
150.0,4.0
151.0,6.0
152.0,6.0
153.0,3.0
154.0,2.0
155.0,9.0
156.0,7.0
157.0,6.0
158.0,2.0
159.0,4.0
160.0,4.0
161.0,5.0
162.0,7.0
163.0,4.0
164.0,4.0
165.0,4.0
166.0,7.0
167.0,6.0
168.0,7.0
169.0,5.0
170.0,3.0
171.0,9.0
172.0,2.0
173.0,5.0
174.0,6.0
175.0,8.0
176.0,6.0
177.0,5.0
178.0,5.0
179.0,6.0
180.0,8.0
181.0,5.0
182.0,6.0
183.0,6.0
184.0,4.0
185.0,7.0
186.0,6.0
187.0,5.0
188.0,6.0
189.0,7.0
190.0,11.0
191.0,8.0
192.0,7.0
193.0,7.0
194.0,6.0
195.0,9.0
196.0,10.0
197.0,3.0
198.0,11.0
199.0,6.0
200.0,9.0
201.0,10.0
202.0,6.0
203.0,6.0
204.0,6.0
205.0,4.0
206.0,7.0
207.0,10.0
208.0,6.0
209.0,3.0
210.0,6.0
211.0,7.0
212.0,5.0
213.0,2.0
214.0,7.0
215.0,6.0
216.0,10.0
217.0,9.0
218.0,10.0
219.0,7.0
220.0,8.0
221.0,12.0
222.0,3.0
223.0,8.0
224.0,9.0
225.0,9.0
226.0,10.0
227.0,12.0
228.0,7.0
229.0,7.0
230.0,6.0
231.0,4.0
232.0,11.0
233.0,9.0
234.0,11.0
235.0,8.0
236.0,13.0
237.0,5.0
238.0,11.0
239.0,9.0
240.0,5.0
241.0,12.0
242.0,6.0
243.0,8.0
244.0,11.0
245.0,4.0
246.0,10.0
247.0,10.0
248.0,9.0
249.0,6.0
250.0,10.0
251.0,6.0
252.0,9.0
253.0,15.0
254.0,13.0
255.0,5.0
256.0,9.0
257.0,9.0
258.0,11.0
259.0,10.0
260.0,17.0
261.0,11.0
262.0,6.0
263.0,10.0
264.0,13.0
265.0,15.0
266.0,8.0
267.0,7.0
268.0,11.0
269.0,11.0
270.0,11.0
271.0,8.0
272.0,11.0
273.0,6.0
274.0,7.0
275.0,7.0
276.0,10.0
277.0,11.0
278.0,2.0
279.0,10.0
280.0,7.0
281.0,9.0
282.0,13.0
283.0,13.0
284.0,14.0
285.0,13.0
286.0,8.0
287.0,10.0
288.0,13.0
289.0,8.0
290.0,19.0
291.0,9.0
292.0,14.0
293.0,11.0
294.0,16.0
295.0,16.0
296.0,17.0
297.0,11.0
298.0,6.0
299.0,14.0
300.0,13.0
301.0,16.0
302.0,12.0
303.0,12.0
304.0,11.0
305.0,10.0
306.0,9.0
307.0,6.0
308.0,9.0
309.0,14.0
310.0,14.0
311.0,11.0
312.0,15.0
313.0,10.0
314.0,11.0
315.0,15.0
316.0,17.0
317.0,13.0
318.0,14.0
319.0,14.0
320.0,8.0
321.0,15.0
322.0,12.0
323.0,13.0
324.0,14.0
325.0,19.0
326.0,17.0
327.0,14.0
328.0,10.0
329.0,13.0
330.0,9.0
331.0,12.0
332.0,18.0
333.0,18.0
334.0,14.0
335.0,17.0
336.0,12.0
337.0,14.0
338.0,10.0
339.0,13.0
340.0,9.0
341.0,12.0
342.0,17.0
343.0,15.0
344.0,12.0
345.0,10.0
346.0,13.0
347.0,10.0
348.0,12.0
349.0,9.0
350.0,15.0
351.0,9.0
352.0,11.0
353.0,24.0
354.0,15.0
355.0,20.0
356.0,17.0
357.0,11.0
358.0,8.0
359.0,17.0
360.0,13.0
361.0,13.0
362.0,16.0
363.0,13.0
364.0,16.0
365.0,6.0
366.0,9.0
367.0,16.0
368.0,21.0
369.0,18.0
370.0,11.0
371.0,14.0
372.0,14.0
373.0,17.0
374.0,17.0
375.0,21.0
376.0,14.0
377.0,17.0
378.0,12.0
379.0,6.0
380.0,13.0
381.0,16.0
382.0,10.0
383.0,18.0
384.0,6.0
385.0,12.0
386.0,12.0
387.0,10.0
388.0,4.0
389.0,14.0
390.0,19.0
391.0,15.0
392.0,14.0
393.0,16.0
394.0,18.0
395.0,13.0
396.0,7.0
397.0,15.0
398.0,18.0
399.0,10.0
400.0,16.0
401.0,20.0
402.0,14.0
403.0,19.0
404.0,16.0
405.0,16.0
406.0,10.0
407.0,22.0
408.0,17.0
409.0,22.0
410.0,14.0
411.0,18.0
412.0,21.0
413.0,20.0
414.0,15.0
415.0,13.0
416.0,14.0
417.0,15.0
418.0,8.0
419.0,3.0
420.0,20.0
421.0,16.0
422.0,12.0
423.0,14.0
424.0,16.0
425.0,16.0
426.0,20.0
427.0,13.0
428.0,16.0
429.0,20.0
430.0,14.0
431.0,13.0
432.0,19.0
433.0,14.0
434.0,24.0
435.0,13.0
436.0,10.0
437.0,18.0
438.0,10.0
439.0,15.0
440.0,19.0
441.0,9.0
442.0,17.0
443.0,13.0
444.0,16.0
445.0,16.0
446.0,17.0
447.0,13.0
448.0,10.0
449.0,14.0
450.0,16.0
451.0,20.0
452.0,11.0
453.0,18.0
454.0,13.0
455.0,4.0
456.0,15.0
457.0,16.0
458.0,17.0
459.0,15.0
460.0,22.0
461.0,16.0
462.0,12.0
463.0,7.0
464.0,15.0
465.0,15.0
466.0,11.0
467.0,14.0
468.0,17.0
469.0,21.0
470.0,8.0
471.0,15.0
472.0,11.0
473.0,16.0
474.0,19.0
475.0,14.0
476.0,17.0
477.0,18.0
478.0,14.0
479.0,19.0
480.0,22.0
481.0,3.0
482.0,24.0
483.0,14.0
484.0,12.0
485.0,14.0
486.0,22.0
487.0,9.0
488.0,11.0
489.0,19.0
490.0,27.0
491.0,19.0
492.0,6.0
493.0,15.0
494.0,14.0
495.0,14.0
496.0,17.0
497.0,19.0
498.0,16.0
499.0,23.0
500.0,19.0
501.0,15.0
502.0,19.0
503.0,15.0
504.0,12.0
505.0,18.0
506.0,9.0
507.0,16.0
508.0,20.0
509.0,15.0
510.0,4.0
511.0,13.0
512.0,17.0
513.0,19.0
514.0,10.0
515.0,18.0
516.0,7.0
517.0,23.0
518.0,10.0
519.0,7.0
520.0,15.0
521.0,18.0
522.0,8.0
523.0,14.0
524.0,19.0
525.0,18.0
526.0,20.0
527.0,20.0
528.0,15.0
529.0,13.0
530.0,18.0
531.0,5.0
532.0,13.0
533.0,12.0
534.0,14.0
535.0,14.0
536.0,17.0
537.0,6.0
538.0,16.0
539.0,6.0
540.0,20.0
541.0,20.0
542.0,17.0
543.0,18.0
544.0,11.0
545.0,17.0
546.0,14.0
547.0,16.0
548.0,14.0
549.0,9.0
550.0,17.0
551.0,19.0
552.0,13.0
553.0,15.0
554.0,1.0
555.0,14.0
556.0,14.0
557.0,15.0
558.0,16.0
559.0,6.0
560.0,18.0
561.0,14.0
562.0,7.0
563.0,17.0
564.0,11.0
565.0,7.0
566.0,13.0
567.0,15.0
568.0,20.0
569.0,14.0
570.0,18.0
571.0,11.0
572.0,11.0
573.0,19.0
574.0,16.0
575.0,12.0
576.0,13.0
577.0,12.0
578.0,23.0
579.0,12.0
580.0,19.0
581.0,7.0
582.0,16.0
583.0,14.0
584.0,18.0
585.0,19.0
586.0,14.0
587.0,24.0
588.0,14.0
589.0,6.0
590.0,12.0
591.0,8.0
592.0,13.0
593.0,11.0
594.0,15.0
595.0,18.0
596.0,16.0
597.0,22.0
598.0,20.0
599.0,15.0
600.0,20.0
601.0,7.0
602.0,11.0
603.0,17.0
604.0,19.0
605.0,18.0
606.0,7.0
607.0,20.0
608.0,20.0
609.0,15.0
610.0,21.0
611.0,15.0
612.0,9.0
613.0,19.0
614.0,11.0
615.0,20.0
616.0,15.0
617.0,21.0
618.0,15.0
619.0,18.0
620.0,16.0
621.0,19.0
622.0,8.0
623.0,16.0
624.0,18.0
625.0,7.0
626.0,17.0
627.0,14.0
628.0,22.0
629.0,21.0
630.0,8.0
631.0,18.0
632.0,18.0
633.0,16.0
634.0,15.0
635.0,19.0
636.0,15.0
637.0,21.0
638.0,16.0
639.0,21.0
640.0,14.0
641.0,19.0
642.0,17.0
643.0,17.0
644.0,17.0
645.0,15.0
646.0,18.0
647.0,21.0
648.0,20.0
649.0,15.0
650.0,20.0
651.0,16.0
652.0,17.0
653.0,13.0
654.0,19.0
655.0,2.0
656.0,12.0
657.0,14.0
658.0,17.0
659.0,12.0
660.0,13.0
661.0,7.0
662.0,12.0
663.0,16.0
664.0,19.0
665.0,17.0
666.0,11.0
667.0,16.0
668.0,9.0
669.0,17.0
670.0,10.0
671.0,14.0
672.0,19.0
673.0,13.0
674.0,17.0
675.0,22.0
676.0,18.0
677.0,18.0
678.0,13.0
679.0,14.0
680.0,21.0
681.0,15.0
682.0,16.0
683.0,16.0
684.0,15.0
685.0,21.0
686.0,20.0
687.0,15.0
688.0,13.0
689.0,16.0
690.0,16.0
691.0,12.0
692.0,21.0
693.0,21.0
694.0,17.0
695.0,18.0
696.0,13.0
697.0,21.0
698.0,19.0
699.0,16.0
700.0,19.0
701.0,14.0
702.0,16.0
703.0,14.0
704.0,13.0
705.0,18.0
706.0,16.0
707.0,18.0
708.0,8.0
709.0,12.0
710.0,10.0
711.0,12.0
712.0,17.0
713.0,13.0
714.0,18.0
715.0,13.0
716.0,19.0
717.0,13.0
718.0,17.0
719.0,18.0
720.0,15.0
721.0,18.0
722.0,5.0
723.0,12.0
724.0,17.0
725.0,15.0
726.0,9.0
727.0,14.0
728.0,11.0
729.0,13.0
730.0,15.0
731.0,12.0
732.0,19.0
733.0,12.0
734.0,16.0
735.0,13.0
736.0,14.0
737.0,18.0
738.0,15.0
739.0,21.0
740.0,17.0
741.0,21.0
742.0,10.0
743.0,22.0
744.0,10.0
745.0,17.0
746.0,14.0
747.0,18.0
748.0,21.0
749.0,13.0
750.0,15.0
751.0,12.0
752.0,15.0
753.0,16.0
754.0,12.0
755.0,10.0
756.0,14.0
757.0,12.0
758.0,13.0
759.0,18.0
760.0,19.0
761.0,16.0
762.0,14.0
763.0,17.0
764.0,22.0
765.0,21.0
766.0,13.0
767.0,12.0
768.0,17.0
769.0,21.0
770.0,15.0
771.0,22.0
772.0,17.0
773.0,15.0
774.0,19.0
775.0,14.0
776.0,23.0
777.0,8.0
778.0,18.0
779.0,20.0
780.0,10.0
781.0,20.0
782.0,14.0
783.0,17.0
784.0,17.0
785.0,14.0
786.0,17.0
787.0,16.0
788.0,11.0
789.0,17.0
790.0,23.0
791.0,14.0
792.0,18.0
793.0,21.0
794.0,16.0
795.0,14.0
796.0,21.0
797.0,15.0
798.0,6.0
799.0,20.0
800.0,19.0
801.0,11.0
802.0,17.0
803.0,19.0
804.0,11.0
805.0,9.0
806.0,15.0
807.0,15.0
808.0,21.0
809.0,17.0
810.0,16.0
811.0,17.0
812.0,18.0
813.0,14.0
814.0,17.0
815.0,19.0
816.0,15.0
817.0,16.0
818.0,13.0
819.0,16.0
820.0,20.0
821.0,15.0
822.0,14.0
823.0,15.0
824.0,16.0
825.0,10.0
826.0,16.0
827.0,19.0
828.0,19.0
829.0,14.0
830.0,14.0
831.0,18.0
832.0,24.0
833.0,20.0
834.0,10.0
835.0,14.0
836.0,19.0
837.0,12.0
838.0,20.0
839.0,16.0
840.0,15.0
841.0,24.0
842.0,16.0
843.0,13.0
844.0,26.0
845.0,14.0
846.0,18.0
847.0,16.0
848.0,11.0
849.0,10.0
850.0,20.0
851.0,15.0
852.0,10.0
853.0,11.0
854.0,20.0
855.0,20.0
856.0,17.0
857.0,17.0
858.0,13.0
859.0,21.0
860.0,18.0
861.0,16.0
862.0,22.0
863.0,15.0
864.0,13.0
865.0,12.0
866.0,16.0
867.0,15.0
868.0,16.0
869.0,11.0
870.0,22.0
871.0,18.0
872.0,8.0
873.0,15.0
874.0,20.0
875.0,17.0
876.0,9.0
877.0,13.0
878.0,22.0
879.0,9.0
880.0,15.0
881.0,19.0
882.0,14.0
883.0,20.0
884.0,14.0
885.0,18.0
886.0,23.0
887.0,14.0
888.0,13.0
889.0,16.0
890.0,14.0
891.0,15.0
892.0,18.0
893.0,14.0
894.0,12.0
895.0,20.0
896.0,14.0
897.0,16.0
898.0,19.0
899.0,19.0
900.0,22.0
901.0,19.0
902.0,12.0
903.0,9.0
904.0,21.0
905.0,11.0
906.0,16.0
907.0,16.0
908.0,11.0
909.0,22.0
910.0,20.0
911.0,13.0
912.0,19.0
913.0,8.0
914.0,25.0
915.0,20.0
916.0,17.0
917.0,22.0
918.0,21.0
919.0,14.0
920.0,19.0
921.0,14.0
922.0,17.0
923.0,9.0
924.0,16.0
925.0,13.0
926.0,18.0
927.0,22.0
928.0,12.0
929.0,12.0
930.0,17.0
931.0,18.0
932.0,22.0
933.0,18.0
934.0,14.0
935.0,16.0
936.0,16.0
937.0,18.0
938.0,12.0
939.0,13.0
940.0,12.0
941.0,16.0
942.0,1.0
943.0,16.0
944.0,19.0
945.0,14.0
946.0,18.0
947.0,16.0
948.0,15.0
949.0,16.0
950.0,15.0
951.0,21.0
952.0,15.0
953.0,9.0
954.0,18.0
955.0,14.0
956.0,17.0
957.0,20.0
958.0,5.0
959.0,17.0
960.0,18.0
961.0,15.0
962.0,19.0
963.0,14.0
964.0,19.0
965.0,12.0
966.0,20.0
967.0,14.0
968.0,17.0
969.0,21.0
970.0,18.0
971.0,16.0
972.0,17.0
973.0,15.0
974.0,13.0
975.0,20.0
976.0,19.0
977.0,15.0
978.0,20.0
979.0,16.0
980.0,20.0
981.0,17.0
982.0,17.0
983.0,9.0
984.0,4.0
985.0,10.0
986.0,16.0
987.0,11.0
988.0,21.0
989.0,18.0
990.0,20.0
991.0,20.0
992.0,17.0
993.0,18.0
994.0,9.0
995.0,17.0
996.0,22.0
997.0,19.0
998.0,21.0
999.0,15.0
