0.000000000000000000e+00,1.234999972395598861e-01
1.000000000000000000e+00,2.319999948143958990e-01
2.000000000000000000e+00,2.129999952390790041e-01
3.000000000000000000e+00,4.499999899417161942e-01
4.000000000000000000e+00,6.889999845996499506e-01
5.000000000000000000e+00,5.699999872595071793e-01
6.000000000000000000e+00,8.804999803192913310e-01
7.000000000000000000e+00,1.129999974742531776e+00
8.000000000000000000e+00,1.041999976709484965e+00
9.000000000000000000e+00,1.174999973736703396e+00
1.000000000000000000e+01,1.167499973904341459e+00
1.100000000000000000e+01,1.682999962382018655e+00
1.200000000000000000e+01,1.806999959610402495e+00
1.300000000000000000e+01,1.595999964326620058e+00
1.400000000000000000e+01,1.977499955799430609e+00
1.500000000000000000e+01,2.187499951105564833e+00
1.600000000000000000e+01,1.827999959141016095e+00
1.700000000000000000e+01,2.631499941181391300e+00
1.800000000000000000e+01,2.649999940767884254e+00
1.900000000000000000e+01,2.620999941416084944e+00
2.000000000000000000e+01,2.832999936677515596e+00
2.100000000000000000e+01,2.456499945092946113e+00
2.200000000000000000e+01,2.615499941539019435e+00
2.300000000000000000e+01,3.306999926082789809e+00
2.400000000000000000e+01,2.537499943282455206e+00
2.500000000000000000e+01,3.408499923814088284e+00
2.600000000000000000e+01,3.664999918080866337e+00
2.700000000000000000e+01,3.023999932408332647e+00
2.800000000000000000e+01,3.882499913219362497e+00
2.900000000000000000e+01,4.908499890286475598e+00
3.000000000000000000e+01,5.046999887190759537e+00
3.100000000000000000e+01,5.525499876495450380e+00
3.200000000000000000e+01,6.052499864716082811e+00
3.300000000000000000e+01,5.446999878250062821e+00
3.400000000000000000e+01,5.279999881982803345e+00
3.500000000000000000e+01,5.972999866493045928e+00
3.600000000000000000e+01,8.591999807953834889e+00
3.700000000000000000e+01,7.459999833256006241e+00
3.800000000000000000e+01,7.667999828606843593e+00
3.900000000000000000e+01,9.557499786373227835e+00
4.000000000000000000e+01,1.137149974582716894e+01
4.100000000000000000e+01,9.008999798633158917e+00
4.200000000000000000e+01,1.138249974558129907e+01
4.300000000000000000e+01,1.036849976824596453e+01
4.400000000000000000e+01,1.322799970433115924e+01
4.500000000000000000e+01,1.295099971052259136e+01
4.600000000000000000e+01,1.147249974356964231e+01
4.700000000000000000e+01,1.401099968682974506e+01
4.800000000000000000e+01,1.326199970357120073e+01
4.900000000000000000e+01,1.744749961001798511e+01
5.000000000000000000e+01,1.317549970550462568e+01
5.100000000000000000e+01,1.469099967163056064e+01
5.200000000000000000e+01,1.676949962517246462e+01
5.300000000000000000e+01,1.724549961453303837e+01
5.400000000000000000e+01,1.725249961437657475e+01
5.500000000000000000e+01,1.665949962763115622e+01
5.600000000000000000e+01,1.543599965497851301e+01
5.700000000000000000e+01,1.605799964107573174e+01
5.800000000000000000e+01,1.441799967773258651e+01
5.900000000000000000e+01,1.430449968026950991e+01
6.000000000000000000e+01,1.495449966574087775e+01
6.100000000000000000e+01,1.579049964705482090e+01
6.200000000000000000e+01,1.754649960780516338e+01
6.300000000000000000e+01,1.724249961460009217e+01
6.400000000000000000e+01,1.986199955604970313e+01
6.500000000000000000e+01,1.785449960092082478e+01
6.600000000000000000e+01,1.905299957413226508e+01
6.700000000000000000e+01,1.716449961634352661e+01
6.800000000000000000e+01,2.102749952999874949e+01
6.900000000000000000e+01,2.148649951973930072e+01
7.000000000000000000e+01,2.117449952671304203e+01
7.100000000000000000e+01,2.218849950404837656e+01
7.200000000000000000e+01,2.042649954343214702e+01
7.300000000000000000e+01,2.333049947852268957e+01
7.400000000000000000e+01,2.257699949536472417e+01
7.500000000000000000e+01,2.454749945132061839e+01
7.600000000000000000e+01,2.211249950574710965e+01
7.700000000000000000e+01,2.552349942950531769e+01
7.800000000000000000e+01,2.363199947178363658e+01
7.900000000000000000e+01,2.694949939763173319e+01
8.000000000000000000e+01,2.553899942915886712e+01
8.100000000000000000e+01,2.622049941392615580e+01
8.200000000000000000e+01,2.535249943332746625e+01
8.300000000000000000e+01,2.724699939098209001e+01
8.400000000000000000e+01,2.932049934463575624e+01
8.500000000000000000e+01,2.632399941161274981e+01
8.600000000000000000e+01,2.785349937742575932e+01
8.700000000000000000e+01,2.815899937059730362e+01
8.800000000000000000e+01,2.777849937910213995e+01
8.900000000000000000e+01,2.974249933520331979e+01
9.000000000000000000e+01,2.850749936280772090e+01
9.100000000000000000e+01,2.779299937877804183e+01
9.200000000000000000e+01,2.723349939128383923e+01
9.300000000000000000e+01,2.866899935919791531e+01
9.400000000000000000e+01,3.178099928963929344e+01
9.500000000000000000e+01,2.778349937899038125e+01
9.600000000000000000e+01,2.893149935333058309e+01
9.700000000000000000e+01,2.806099937278777290e+01
9.800000000000000000e+01,3.040449932040646530e+01
9.900000000000000000e+01,3.071649931343272399e+01
1.000000000000000000e+02,3.003899932857602906e+01
1.010000000000000000e+02,2.960799933820963048e+01
1.020000000000000000e+02,2.967549933670088791e+01
1.030000000000000000e+02,3.050999931804835796e+01
1.040000000000000000e+02,2.910749934939667583e+01
1.050000000000000000e+02,3.089499930944293737e+01
1.060000000000000000e+02,3.219049928048625731e+01
1.070000000000000000e+02,2.927699934560805417e+01
1.080000000000000000e+02,2.990249933162704110e+01
1.090000000000000000e+02,3.083749931072816253e+01
1.100000000000000000e+02,2.973399933539331030e+01
1.110000000000000000e+02,3.069049931401386999e+01
1.120000000000000000e+02,3.110799930468201779e+01
1.130000000000000000e+02,3.057449931660666920e+01
1.140000000000000000e+02,3.088449930967762924e+01
1.150000000000000000e+02,3.239749927585944533e+01
1.160000000000000000e+02,3.109049930507317328e+01
1.170000000000000000e+02,3.164749929262325168e+01
1.180000000000000000e+02,3.201449928442016102e+01
1.190000000000000000e+02,3.059299931619316482e+01
1.200000000000000000e+02,3.285599926561117456e+01
1.210000000000000000e+02,3.173949929056689001e+01
1.220000000000000000e+02,3.205649928348138644e+01
1.230000000000000000e+02,3.138049929859116816e+01
1.240000000000000000e+02,3.177599928975105215e+01
1.250000000000000000e+02,2.938649934316054058e+01
1.260000000000000000e+02,2.992549933111295246e+01
1.270000000000000000e+02,2.909399934969842505e+01
1.280000000000000000e+02,3.009999932721257210e+01
1.290000000000000000e+02,3.165549929244443916e+01
1.300000000000000000e+02,3.001149932919070196e+01
1.310000000000000000e+02,3.065349931484088231e+01
1.320000000000000000e+02,3.132649929979816150e+01
1.330000000000000000e+02,3.064599931500852037e+01
1.340000000000000000e+02,3.100249930704012513e+01
1.350000000000000000e+02,3.279899926688521816e+01
1.360000000000000000e+02,2.950899934042245221e+01
1.370000000000000000e+02,3.114149930393323373e+01
1.380000000000000000e+02,2.937749934336170554e+01
1.390000000000000000e+02,3.111149930460378599e+01
1.400000000000000000e+02,3.005749932816252112e+01
1.410000000000000000e+02,3.052549931770190739e+01
1.420000000000000000e+02,2.947599934116005826e+01
1.430000000000000000e+02,2.994799933061003827e+01
1.440000000000000000e+02,3.018149932539090585e+01
1.450000000000000000e+02,2.946399934142828059e+01
1.460000000000000000e+02,3.013949932632967688e+01
1.470000000000000000e+02,3.145599929690360952e+01
1.480000000000000000e+02,3.009049932742491507e+01
1.490000000000000000e+02,3.034799932166934155e+01
1.500000000000000000e+02,2.944249934190884233e+01
1.510000000000000000e+02,2.975849933484569121e+01
1.520000000000000000e+02,3.112899930421263051e+01
1.530000000000000000e+02,3.122499930206686258e+01
1.540000000000000000e+02,3.163649929286912155e+01
1.550000000000000000e+02,3.027149932337924909e+01
1.560000000000000000e+02,3.005099932830780673e+01
1.570000000000000000e+02,3.086899931002408337e+01
1.580000000000000000e+02,3.111099930461496044e+01
1.590000000000000000e+02,3.055299931708723449e+01
1.600000000000000000e+02,3.058949931627139307e+01
1.610000000000000000e+02,3.214399928152560904e+01
1.620000000000000000e+02,3.240199927575886107e+01
1.630000000000000000e+02,3.206949928319081522e+01
1.640000000000000000e+02,3.014399932622909617e+01
1.650000000000000000e+02,3.054249931732192636e+01
1.660000000000000000e+02,3.341849925303831981e+01
1.670000000000000000e+02,3.088999930955469608e+01
1.680000000000000000e+02,3.110399930477142405e+01
1.690000000000000000e+02,3.167699929196387387e+01
1.700000000000000000e+02,3.244549927478656315e+01
1.710000000000000000e+02,3.229199927821755267e+01
1.720000000000000000e+02,2.993349933093413640e+01
1.730000000000000000e+02,3.095099930819123912e+01
1.740000000000000000e+02,3.172649929085746479e+01
1.750000000000000000e+02,3.110099930483847785e+01
1.760000000000000000e+02,3.215699928123503781e+01
1.770000000000000000e+02,2.986099933255463768e+01
1.780000000000000000e+02,3.226649927878752067e+01
1.790000000000000000e+02,3.168849929170682955e+01
1.800000000000000000e+02,3.195399928577244353e+01
1.810000000000000000e+02,3.336149925431236341e+01
1.820000000000000000e+02,3.380249924445524812e+01
1.830000000000000000e+02,3.085749931028112769e+01
1.840000000000000000e+02,3.131899929996579957e+01
1.850000000000000000e+02,3.335849925437942431e+01
1.860000000000000000e+02,3.371649924637749507e+01
1.870000000000000000e+02,3.328699925597756959e+01
1.880000000000000000e+02,3.342599925287068174e+01
1.890000000000000000e+02,3.333899925481527760e+01
1.900000000000000000e+02,3.082249931106343865e+01
1.910000000000000000e+02,3.109749930491670966e+01
1.920000000000000000e+02,3.292849926399067328e+01
1.930000000000000000e+02,3.359849924901500628e+01
1.940000000000000000e+02,3.334449925469234444e+01
1.950000000000000000e+02,3.285999926552176476e+01
1.960000000000000000e+02,3.295499926339834929e+01
1.970000000000000000e+02,3.282049926640465998e+01
1.980000000000000000e+02,3.082249931106343865e+01
1.990000000000000000e+02,3.229049927825108313e+01
2.000000000000000000e+02,3.154299929495901011e+01
2.010000000000000000e+02,3.211699928212910748e+01
2.020000000000000000e+02,3.163099929299205471e+01
2.030000000000000000e+02,3.274899926800280525e+01
2.040000000000000000e+02,3.163999929279088974e+01
2.050000000000000000e+02,3.065399931482970786e+01
2.060000000000000000e+02,3.071849931338801909e+01
2.070000000000000000e+02,3.109999930486083031e+01
2.080000000000000000e+02,3.126399930119514536e+01
2.090000000000000000e+02,3.034249932179227471e+01
2.100000000000000000e+02,3.127349930098280240e+01
2.110000000000000000e+02,3.121749930223450065e+01
2.120000000000000000e+02,3.008049932764843248e+01
2.130000000000000000e+02,3.256599927209317968e+01
2.140000000000000000e+02,3.072199931330978728e+01
2.150000000000000000e+02,3.288249926501885056e+01
2.160000000000000000e+02,3.001449932912364460e+01
2.170000000000000000e+02,3.399549924014136337e+01
2.180000000000000000e+02,3.220299928020686053e+01
2.190000000000000000e+02,3.120299930255860232e+01
2.200000000000000000e+02,3.078299931194633388e+01
2.210000000000000000e+02,2.991999933123588562e+01
2.220000000000000000e+02,2.976949933459982134e+01
2.230000000000000000e+02,3.133099929969757724e+01
2.240000000000000000e+02,3.015049932608381056e+01
2.250000000000000000e+02,3.158899929393082928e+01
2.260000000000000000e+02,3.296249926323071122e+01
2.270000000000000000e+02,3.082699931096285439e+01
2.280000000000000000e+02,3.172249929094687104e+01
2.290000000000000000e+02,3.207299928311258697e+01
2.300000000000000000e+02,3.150799929574132108e+01
2.310000000000000000e+02,3.183849928835406828e+01
2.320000000000000000e+02,3.218949928050860620e+01
2.330000000000000000e+02,3.183999928832054138e+01
2.340000000000000000e+02,3.305549926115200066e+01
2.350000000000000000e+02,3.105699930582195378e+01
2.360000000000000000e+02,3.213199928179383136e+01
2.370000000000000000e+02,3.062649931544438076e+01
2.380000000000000000e+02,3.078699931185692407e+01
2.390000000000000000e+02,2.939349934300407696e+01
2.400000000000000000e+02,3.203049928406253599e+01
2.410000000000000000e+02,3.013199932649731494e+01
2.420000000000000000e+02,2.854249936202540994e+01
2.430000000000000000e+02,3.103349930634722043e+01
2.440000000000000000e+02,3.099799930714070939e+01
2.450000000000000000e+02,3.206549928328022503e+01
2.460000000000000000e+02,3.327399925626814081e+01
2.470000000000000000e+02,3.250949927335604883e+01
2.480000000000000000e+02,3.003349932869896222e+01
2.490000000000000000e+02,3.195149928582832288e+01
2.500000000000000000e+02,3.089499930944293737e+01
2.510000000000000000e+02,2.926199934594333030e+01
2.520000000000000000e+02,3.101049930686131262e+01
2.530000000000000000e+02,3.299049926260486387e+01
2.540000000000000000e+02,3.048549931859597706e+01
2.550000000000000000e+02,3.101949930666014410e+01
2.560000000000000000e+02,3.292799926400184773e+01
2.570000000000000000e+02,3.155149929476901960e+01
2.580000000000000000e+02,3.251849927315488742e+01
2.590000000000000000e+02,3.150999929569661617e+01
2.600000000000000000e+02,3.350449925111606575e+01
2.610000000000000000e+02,3.163299929294735335e+01
2.620000000000000000e+02,3.243149927509948327e+01
2.630000000000000000e+02,3.110599930472671915e+01
2.640000000000000000e+02,3.097099930774420429e+01
2.650000000000000000e+02,3.389299924243241691e+01
2.660000000000000000e+02,2.989099933188408542e+01
2.670000000000000000e+02,3.234049927713349604e+01
2.680000000000000000e+02,3.115449930364265896e+01
2.690000000000000000e+02,3.193399928621947836e+01
2.700000000000000000e+02,3.045149931935593557e+01
2.710000000000000000e+02,3.192199928648769713e+01
2.720000000000000000e+02,3.194899928588420224e+01
2.730000000000000000e+02,3.294799926355481290e+01
2.740000000000000000e+02,3.139749929821118712e+01
2.750000000000000000e+02,3.253049927288666510e+01
2.760000000000000000e+02,3.244899927470832779e+01
2.770000000000000000e+02,3.173699929062276937e+01
2.780000000000000000e+02,2.796799937486648702e+01
2.790000000000000000e+02,3.070299931373447322e+01
2.800000000000000000e+02,3.134199929945170737e+01
2.810000000000000000e+02,3.267349926969036744e+01
2.820000000000000000e+02,3.020699932482093431e+01
2.830000000000000000e+02,2.886049935491755747e+01
2.840000000000000000e+02,3.246349927438423322e+01
2.850000000000000000e+02,3.206849928321317122e+01
2.860000000000000000e+02,3.199449928486719585e+01
2.870000000000000000e+02,3.207849928298965381e+01
2.880000000000000000e+02,3.134399929940700602e+01
2.890000000000000000e+02,3.217549928082153343e+01
2.900000000000000000e+02,3.177449928978457905e+01
2.910000000000000000e+02,3.110199930481612540e+01
2.920000000000000000e+02,3.046799931898713254e+01
2.930000000000000000e+02,3.074099931288510490e+01
2.940000000000000000e+02,3.026649932349100780e+01
2.950000000000000000e+02,3.246349927438423322e+01
2.960000000000000000e+02,3.113149930415675115e+01
2.970000000000000000e+02,3.121949930218979574e+01
2.980000000000000000e+02,2.936349934367462922e+01
2.990000000000000000e+02,3.114899930376559567e+01
3.000000000000000000e+02,2.968899933639913868e+01
0.000000000000000000e+00,9.699999783188104074e-02
1.000000000000000000e+00,1.884999957866966835e-01
2.000000000000000000e+00,4.329999903216957824e-01
3.000000000000000000e+00,4.989999888464808353e-01
4.000000000000000000e+00,9.104999796487390773e-01
5.000000000000000000e+00,9.439999788999557939e-01
6.000000000000000000e+00,1.074499975983053357e+00
7.000000000000000000e+00,1.112499975133687258e+00
8.000000000000000000e+00,1.025499977078288882e+00
9.000000000000000000e+00,1.604499964136630208e+00
1.000000000000000000e+01,1.712499961722642183e+00
1.100000000000000000e+01,1.718999961577355906e+00
1.200000000000000000e+01,1.541999965533614070e+00
1.300000000000000000e+01,2.069999953731894493e+00
1.400000000000000000e+01,2.098499953094870030e+00
1.500000000000000000e+01,2.071999953687190921e+00
1.600000000000000000e+01,2.293999948725104154e+00
1.700000000000000000e+01,2.804499937314540059e+00
1.800000000000000000e+01,2.771499938052147449e+00
1.900000000000000000e+01,3.013499932643026291e+00
2.000000000000000000e+01,2.895499935280531734e+00
2.100000000000000000e+01,2.484499944467097432e+00
2.200000000000000000e+01,4.162999906949698570e+00
2.300000000000000000e+01,3.808999914862215341e+00
2.400000000000000000e+01,3.868999913521110834e+00
2.500000000000000000e+01,4.226999905519187806e+00
2.600000000000000000e+01,3.774999915622174740e+00
2.700000000000000000e+01,4.460499900300055387e+00
2.800000000000000000e+01,4.412999901361763122e+00
2.900000000000000000e+01,4.402499901596456766e+00
3.000000000000000000e+01,5.013999887928366483e+00
3.100000000000000000e+01,4.603999897092580618e+00
3.200000000000000000e+01,4.490999899618327795e+00
3.300000000000000000e+01,5.521499876584857525e+00
3.400000000000000000e+01,5.192999883927404525e+00
3.500000000000000000e+01,5.134499885234982131e+00
3.600000000000000000e+01,5.023999887704849066e+00
3.700000000000000000e+01,5.938499867264181553e+00
3.800000000000000000e+01,6.458499855641275822e+00
3.900000000000000000e+01,6.011499865632504047e+00
4.000000000000000000e+01,6.500499854702502134e+00
4.100000000000000000e+01,6.023499865364283501e+00
4.200000000000000000e+01,5.901499868091195644e+00
4.300000000000000000e+01,7.009499843325466273e+00
4.400000000000000000e+01,7.109999841079115868e+00
4.500000000000000000e+01,6.511999854445457814e+00
4.600000000000000000e+01,7.342999835871159675e+00
4.700000000000000000e+01,7.742499826941639185e+00
4.800000000000000000e+01,8.609499807562679408e+00
4.900000000000000000e+01,1.010649977410212230e+01
5.000000000000000000e+01,9.008499798644333367e+00
5.100000000000000000e+01,9.136999795772135613e+00
5.200000000000000000e+01,9.662999784015118721e+00
5.300000000000000000e+01,7.461499833222478451e+00
5.400000000000000000e+01,1.009249977441504598e+01
5.500000000000000000e+01,1.052799976468086207e+01
5.600000000000000000e+01,1.129099974762648273e+01
5.700000000000000000e+01,1.090449975626543200e+01
5.800000000000000000e+01,1.350099969822913337e+01
5.900000000000000000e+01,1.365649969475343894e+01
6.000000000000000000e+01,1.299799970947205985e+01
6.100000000000000000e+01,1.303749970858916640e+01
6.200000000000000000e+01,1.416849968330934573e+01
6.300000000000000000e+01,1.460949967345222866e+01
6.400000000000000000e+01,1.813449959466233707e+01
6.500000000000000000e+01,1.623749963706359267e+01
6.600000000000000000e+01,1.479549966929480398e+01
6.700000000000000000e+01,1.512499966192990541e+01
6.800000000000000000e+01,1.690299962218850993e+01
6.900000000000000000e+01,1.603049964169040464e+01
7.000000000000000000e+01,1.423149968190118742e+01
7.100000000000000000e+01,1.823999959230422974e+01
7.200000000000000000e+01,1.600599964223802019e+01
7.300000000000000000e+01,1.696049962090328478e+01
7.400000000000000000e+01,1.513699966166168487e+01
7.500000000000000000e+01,1.594349964363500405e+01
7.600000000000000000e+01,1.971549955932423615e+01
7.700000000000000000e+01,1.708599961809813905e+01
7.800000000000000000e+01,1.715099961664527584e+01
7.900000000000000000e+01,1.724749961448833346e+01
8.000000000000000000e+01,1.886099957842379737e+01
8.100000000000000000e+01,2.116149952700361681e+01
8.200000000000000000e+01,1.761449960628524281e+01
8.300000000000000000e+01,1.725199961438774920e+01
8.400000000000000000e+01,1.698999962024390697e+01
8.500000000000000000e+01,1.937249956699088216e+01
8.600000000000000000e+01,1.968799955993890904e+01
8.700000000000000000e+01,2.106149952923879098e+01
8.800000000000000000e+01,2.047199954241514064e+01
8.900000000000000000e+01,1.712299961727112674e+01
9.000000000000000000e+01,2.099299953076988601e+01
9.100000000000000000e+01,2.061849953914061118e+01
9.200000000000000000e+01,2.001849955255165625e+01
9.300000000000000000e+01,2.334899947810918164e+01
9.400000000000000000e+01,2.048299954216927432e+01
9.500000000000000000e+01,2.180549951260909580e+01
9.600000000000000000e+01,2.073799953646958016e+01
9.700000000000000000e+01,2.397949946401640631e+01
9.800000000000000000e+01,2.075599953606724668e+01
9.900000000000000000e+01,2.342599947638809610e+01
1.000000000000000000e+02,2.444449945362284637e+01
1.010000000000000000e+02,1.938449956672265984e+01
1.020000000000000000e+02,2.075849953601136733e+01
1.030000000000000000e+02,2.120599952600896287e+01
1.040000000000000000e+02,1.968299956005066775e+01
1.050000000000000000e+02,2.342749947635456920e+01
1.060000000000000000e+02,2.217749950429424644e+01
1.070000000000000000e+02,2.311049948344007277e+01
1.080000000000000000e+02,2.194349950952455330e+01
1.090000000000000000e+02,2.380249946797266603e+01
1.100000000000000000e+02,2.612949941596016146e+01
1.110000000000000000e+02,2.325899948012083840e+01
1.120000000000000000e+02,2.244799949824810170e+01
1.130000000000000000e+02,2.481749944528564811e+01
1.140000000000000000e+02,2.117999952659010887e+01
1.150000000000000000e+02,2.396449946435168243e+01
1.160000000000000000e+02,2.355099947359412837e+01
1.170000000000000000e+02,2.222099950332194496e+01
1.180000000000000000e+02,2.583449942255392529e+01
1.190000000000000000e+02,2.357249947311356664e+01
1.200000000000000000e+02,2.239099949952214885e+01
1.210000000000000000e+02,2.155999951809644699e+01
1.220000000000000000e+02,2.384499946702271700e+01
1.230000000000000000e+02,2.353199947401881076e+01
1.240000000000000000e+02,2.464499944914132357e+01
1.250000000000000000e+02,2.317399948202073645e+01
1.260000000000000000e+02,2.436199945546686507e+01
1.270000000000000000e+02,2.084849953399971056e+01
1.280000000000000000e+02,2.250799949690699719e+01
1.290000000000000000e+02,2.277649949090555381e+01
1.300000000000000000e+02,2.446599945314228464e+01
1.310000000000000000e+02,2.285299948919564628e+01
1.320000000000000000e+02,2.536799943298101567e+01
1.330000000000000000e+02,2.672649940261617374e+01
1.340000000000000000e+02,2.459099945034831691e+01
1.350000000000000000e+02,2.261049949461594366e+01
1.360000000000000000e+02,2.596949941953644014e+01
1.370000000000000000e+02,2.468749944819137454e+01
1.380000000000000000e+02,2.148749951971694827e+01
1.390000000000000000e+02,2.384649946698919010e+01
1.400000000000000000e+02,2.371549946991726898e+01
1.410000000000000000e+02,2.514349943799897957e+01
1.420000000000000000e+02,2.330849947901442576e+01
1.430000000000000000e+02,2.408149946173653078e+01
1.440000000000000000e+02,2.559299942795187377e+01
1.450000000000000000e+02,2.226749950228258967e+01
1.460000000000000000e+02,2.348099947515875030e+01
1.470000000000000000e+02,2.438549945494160198e+01
1.480000000000000000e+02,2.167399951554834914e+01
1.490000000000000000e+02,2.446299945320934199e+01
1.500000000000000000e+02,2.068299953769892596e+01
1.510000000000000000e+02,2.333649947838857841e+01
1.520000000000000000e+02,2.402449946301057793e+01
1.530000000000000000e+02,2.463749944930896163e+01
1.540000000000000000e+02,2.299849948594346571e+01
1.550000000000000000e+02,2.330099947918206382e+01
1.560000000000000000e+02,1.953399956338107657e+01
1.570000000000000000e+02,2.490249944338575006e+01
1.580000000000000000e+02,2.287299948874861144e+01
1.590000000000000000e+02,2.205599950700998235e+01
1.600000000000000000e+02,2.354649947369471263e+01
1.610000000000000000e+02,2.437149945525452566e+01
1.620000000000000000e+02,2.622349941385909844e+01
1.630000000000000000e+02,2.355799947343766831e+01
1.640000000000000000e+02,2.133399952314794135e+01
1.650000000000000000e+02,2.416149945994839143e+01
1.660000000000000000e+02,2.235999950021505356e+01
1.670000000000000000e+02,2.491949944300576902e+01
1.680000000000000000e+02,2.402449946301057793e+01
1.690000000000000000e+02,2.303899948503822159e+01
1.700000000000000000e+02,2.447899945285171341e+01
1.710000000000000000e+02,2.461299944985658072e+01
1.720000000000000000e+02,2.363949947161599852e+01
1.730000000000000000e+02,2.622949941372498728e+01
1.740000000000000000e+02,2.433499945607036352e+01
1.750000000000000000e+02,2.591299942079931640e+01
1.760000000000000000e+02,2.206049950690940165e+01
1.770000000000000000e+02,2.494799944236874722e+01
1.780000000000000000e+02,2.614749941555783153e+01
1.790000000000000000e+02,2.290399948805570673e+01
1.800000000000000000e+02,2.574799942448735379e+01
1.810000000000000000e+02,2.512599943839013505e+01
1.820000000000000000e+02,2.655049940655008101e+01
1.830000000000000000e+02,2.464399944916367602e+01
1.840000000000000000e+02,2.280949949016794420e+01
1.850000000000000000e+02,2.550899942982941937e+01
1.860000000000000000e+02,2.673549940241500877e+01
1.870000000000000000e+02,2.339399947710335326e+01
1.880000000000000000e+02,2.410299946125596904e+01
1.890000000000000000e+02,2.256199949570000030e+01
1.900000000000000000e+02,2.325949948010966040e+01
1.910000000000000000e+02,2.542349943174049187e+01
1.920000000000000000e+02,2.121149952588602972e+01
1.930000000000000000e+02,2.144099952075630355e+01
1.940000000000000000e+02,2.502399944067001414e+01
1.950000000000000000e+02,2.521799943633377694e+01
1.960000000000000000e+02,2.347649947525933456e+01
1.970000000000000000e+02,2.260749949468299747e+01
1.980000000000000000e+02,2.413549946052953743e+01
1.990000000000000000e+02,2.460649945000186634e+01
2.000000000000000000e+02,2.492849944280460406e+01
2.010000000000000000e+02,2.117049952680245184e+01
2.020000000000000000e+02,2.397849946403875876e+01
2.030000000000000000e+02,2.513899943809956383e+01
2.040000000000000000e+02,2.390699946563690759e+01
2.050000000000000000e+02,2.472699944730847932e+01
2.060000000000000000e+02,2.539499943237751722e+01
2.070000000000000000e+02,2.373149946955964040e+01
2.080000000000000000e+02,2.277449949095025516e+01
2.090000000000000000e+02,2.432249945634976029e+01
2.100000000000000000e+02,2.315199948251247264e+01
2.110000000000000000e+02,2.499149944139644575e+01
2.120000000000000000e+02,2.294599948711693216e+01
2.130000000000000000e+02,2.352199947424232818e+01
2.140000000000000000e+02,2.326649947995320034e+01
2.150000000000000000e+02,2.432799945622682714e+01
2.160000000000000000e+02,2.460149945011362504e+01
2.170000000000000000e+02,2.595349941989406872e+01
2.180000000000000000e+02,2.264399949386715960e+01
2.190000000000000000e+02,2.314349948270246315e+01
2.200000000000000000e+02,2.540799943208694600e+01
2.210000000000000000e+02,2.378549946835264706e+01
2.220000000000000000e+02,2.322949948078021265e+01
2.230000000000000000e+02,2.391349946549162198e+01
2.240000000000000000e+02,2.555399942882359099e+01
2.250000000000000000e+02,2.296949948659166552e+01
2.260000000000000000e+02,2.532349943397566605e+01
2.270000000000000000e+02,2.425799945779144906e+01
2.280000000000000000e+02,2.408049946175888323e+01
2.290000000000000000e+02,2.404599946253001619e+01
2.300000000000000000e+02,2.450449945228174187e+01
2.310000000000000000e+02,2.095199953168630458e+01
2.320000000000000000e+02,2.262599949426948953e+01
2.330000000000000000e+02,2.393699946496635533e+01
2.340000000000000000e+02,2.374099946934729743e+01
2.350000000000000000e+02,2.434049945594743036e+01
2.360000000000000000e+02,2.532999943383038044e+01
2.370000000000000000e+02,2.396749946428462863e+01
2.380000000000000000e+02,2.392749946517869830e+01
2.390000000000000000e+02,2.290049948813393854e+01
2.400000000000000000e+02,2.472999944724142551e+01
2.410000000000000000e+02,2.237049949998036169e+01
2.420000000000000000e+02,2.619899941440671753e+01
2.430000000000000000e+02,2.123599952533841062e+01
2.440000000000000000e+02,2.401449946323409534e+01
2.450000000000000000e+02,2.410649946117773723e+01
2.460000000000000000e+02,1.978849955769255686e+01
2.470000000000000000e+02,2.338499947730451822e+01
2.480000000000000000e+02,2.221399950347840857e+01
2.490000000000000000e+02,2.400599946342408586e+01
2.500000000000000000e+02,2.428199945725500442e+01
2.510000000000000000e+02,2.411799946092069291e+01
2.520000000000000000e+02,2.416199945993721343e+01
2.530000000000000000e+02,2.526399943530559611e+01
2.540000000000000000e+02,2.504849944012239504e+01
2.550000000000000000e+02,2.692949939807876802e+01
2.560000000000000000e+02,2.544549943124875568e+01
2.570000000000000000e+02,2.433699945602565862e+01
2.580000000000000000e+02,2.367149947090074491e+01
2.590000000000000000e+02,2.597199941948056079e+01
2.600000000000000000e+02,2.452299945186823749e+01
2.610000000000000000e+02,2.378799946829676770e+01
2.620000000000000000e+02,2.293099948745220829e+01
2.630000000000000000e+02,1.951499956380575895e+01
2.640000000000000000e+02,2.070499953720718622e+01
2.650000000000000000e+02,2.304499948490411043e+01
2.660000000000000000e+02,2.234249950060620904e+01
2.670000000000000000e+02,2.081649953471496772e+01
2.680000000000000000e+02,2.540549943214282536e+01
2.690000000000000000e+02,2.250499949697405100e+01
2.700000000000000000e+02,1.835599958971142698e+01
2.710000000000000000e+02,2.345699947569519139e+01
2.720000000000000000e+02,2.321149948118254613e+01
2.730000000000000000e+02,2.479149944586679410e+01
2.740000000000000000e+02,2.281449949005618549e+01
2.750000000000000000e+02,2.509399943910539221e+01
2.760000000000000000e+02,2.148749951971694827e+01
2.770000000000000000e+02,2.432499945629388094e+01
2.780000000000000000e+02,2.099449953073635555e+01
2.790000000000000000e+02,2.128849952416494418e+01
2.800000000000000000e+02,2.559849942782893706e+01
2.810000000000000000e+02,2.391999946534633636e+01
2.820000000000000000e+02,2.370199947021901465e+01
2.830000000000000000e+02,2.373899946939200234e+01
2.840000000000000000e+02,2.130249952385202050e+01
2.850000000000000000e+02,2.417549945963546776e+01
2.860000000000000000e+02,2.675799940191209458e+01
2.870000000000000000e+02,2.261999949440360069e+01
2.880000000000000000e+02,2.514349943799897957e+01
2.890000000000000000e+02,2.536749943299219012e+01
2.900000000000000000e+02,2.200599950812756944e+01
2.910000000000000000e+02,2.618349941475316811e+01
2.920000000000000000e+02,2.391649946542456817e+01
2.930000000000000000e+02,2.237699949983507253e+01
2.940000000000000000e+02,2.426099945772439170e+01
2.950000000000000000e+02,2.240449949922039963e+01
2.960000000000000000e+02,2.567149942619726133e+01
2.970000000000000000e+02,2.463949944926425673e+01
2.980000000000000000e+02,2.421399945877492499e+01
2.990000000000000000e+02,2.661849940503016043e+01
3.000000000000000000e+02,2.526499943528324366e+01
0.000000000000000000e+00,1.634999963454902283e-01
1.000000000000000000e+00,2.304999948479235228e-01
2.000000000000000000e+00,2.419999945908784811e-01
3.000000000000000000e+00,4.829999892041086929e-01
4.000000000000000000e+00,8.414999811910093275e-01
5.000000000000000000e+00,1.111499975156039044e+00
6.000000000000000000e+00,1.601499964203685566e+00
7.000000000000000000e+00,1.790499959979206412e+00
8.000000000000000000e+00,2.023499954771250664e+00
9.000000000000000000e+00,2.096499953139573158e+00
1.000000000000000000e+01,2.431499945651739658e+00
1.100000000000000000e+01,2.418499945942312657e+00
1.200000000000000000e+01,2.981499933358281673e+00
1.300000000000000000e+01,3.398999924026429476e+00
1.400000000000000000e+01,3.292999926395714372e+00
1.500000000000000000e+01,3.440999923087656676e+00
1.600000000000000000e+01,3.705499917175620883e+00
1.700000000000000000e+01,3.869999913498759270e+00
1.800000000000000000e+01,4.376999902166426537e+00
1.900000000000000000e+01,3.600499919522553771e+00
2.000000000000000000e+01,3.989999910816550255e+00
2.100000000000000000e+01,5.028499887604266583e+00
2.200000000000000000e+01,5.530999876372516333e+00
2.300000000000000000e+01,5.753999871388077558e+00
2.400000000000000000e+01,6.053499864693731247e+00
2.500000000000000000e+01,5.690499872807412984e+00
2.600000000000000000e+01,6.394499857071787474e+00
2.700000000000000000e+01,7.134499840531498549e+00
2.800000000000000000e+01,7.389499834831804392e+00
2.900000000000000000e+01,7.581499830540269436e+00
3.000000000000000000e+01,7.749499826785177348e+00
3.100000000000000000e+01,7.726999827288091538e+00
3.200000000000000000e+01,8.219999816268682480e+00
3.300000000000000000e+01,8.296499814558774943e+00
3.400000000000000000e+01,9.508499787468462472e+00
3.500000000000000000e+01,9.267999792844056728e+00
3.600000000000000000e+01,9.574999785982072353e+00
3.700000000000000000e+01,8.903499800991266255e+00
3.800000000000000000e+01,1.052149976482614946e+01
3.900000000000000000e+01,1.119799974970519507e+01
4.000000000000000000e+01,1.082399975806474757e+01
4.100000000000000000e+01,1.176549973702058161e+01
4.200000000000000000e+01,1.007049977490678394e+01
4.300000000000000000e+01,9.538499786797910218e+00
4.400000000000000000e+01,1.102499975357204676e+01
4.500000000000000000e+01,1.281199971362948453e+01
4.600000000000000000e+01,1.200999973155558109e+01
4.700000000000000000e+01,1.197349973237141896e+01
4.800000000000000000e+01,1.350299969818443024e+01
4.900000000000000000e+01,1.390649968916550350e+01
5.000000000000000000e+01,1.343499969970434904e+01
5.100000000000000000e+01,1.353549969745799864e+01
5.200000000000000000e+01,1.457499967422336340e+01
5.300000000000000000e+01,1.534549965700134599e+01
5.400000000000000000e+01,1.555999965220689774e+01
5.500000000000000000e+01,1.431549968002364004e+01
5.600000000000000000e+01,1.665999962761998177e+01
5.700000000000000000e+01,1.797149959830567312e+01
5.800000000000000000e+01,1.838099958915263343e+01
5.900000000000000000e+01,1.781449960181489445e+01
6.000000000000000000e+01,1.679849962452426482e+01
6.100000000000000000e+01,1.517399966083467078e+01
6.200000000000000000e+01,1.655799962989986085e+01
6.300000000000000000e+01,1.870149958198890161e+01
6.400000000000000000e+01,1.896799957603216313e+01
6.500000000000000000e+01,2.042499954346567392e+01
6.600000000000000000e+01,2.035449954504147030e+01
6.700000000000000000e+01,1.776399960294365954e+01
6.800000000000000000e+01,2.003699955213814832e+01
6.900000000000000000e+01,2.035299954507500075e+01
7.000000000000000000e+01,1.981649955706670951e+01
7.100000000000000000e+01,2.142299952115863704e+01
7.200000000000000000e+01,2.188549951082095646e+01
7.300000000000000000e+01,2.121549952579662346e+01
7.400000000000000000e+01,2.266249949345365167e+01
7.500000000000000000e+01,1.939949956638738371e+01
7.600000000000000000e+01,2.011149955047294569e+01
7.700000000000000000e+01,2.134999952279031277e+01
7.800000000000000000e+01,2.177349951332434941e+01
7.900000000000000000e+01,2.133049952322617315e+01
8.000000000000000000e+01,2.244699949827045060e+01
8.100000000000000000e+01,2.033499954547733068e+01
8.200000000000000000e+01,2.181299951244145774e+01
8.300000000000000000e+01,2.172999951429665089e+01
8.400000000000000000e+01,2.171299951467663192e+01
8.500000000000000000e+01,2.167949951542541243e+01
8.600000000000000000e+01,2.155499951820820570e+01
8.700000000000000000e+01,2.319149948162958097e+01
8.800000000000000000e+01,2.460299945008009814e+01
8.900000000000000000e+01,2.367549947081133865e+01
9.000000000000000000e+01,2.298099948633462120e+01
9.100000000000000000e+01,2.257049949551001333e+01
9.200000000000000000e+01,2.091699953246861554e+01
9.300000000000000000e+01,2.257199949547648288e+01
9.400000000000000000e+01,2.256849949555471468e+01
9.500000000000000000e+01,2.271849949220195342e+01
9.600000000000000000e+01,2.232449950100853897e+01
9.700000000000000000e+01,2.387999946624040604e+01
9.800000000000000000e+01,2.158199951760470725e+01
9.900000000000000000e+01,2.238749949960038066e+01
1.000000000000000000e+02,2.201899950783699822e+01
1.010000000000000000e+02,2.338349947733804512e+01
1.020000000000000000e+02,2.287799948863685273e+01
1.030000000000000000e+02,2.352249947423115373e+01
1.040000000000000000e+02,2.367749947076663375e+01
1.050000000000000000e+02,2.306249948451295495e+01
1.060000000000000000e+02,2.320199948139488555e+01
1.070000000000000000e+02,2.445299945343285941e+01
1.080000000000000000e+02,2.316099948231130767e+01
1.090000000000000000e+02,2.293549948735162758e+01
1.100000000000000000e+02,2.337049947762861990e+01
1.110000000000000000e+02,2.529699943456798650e+01
1.120000000000000000e+02,2.156949951788410402e+01
1.130000000000000000e+02,2.182699951212853051e+01
1.140000000000000000e+02,2.486349944425746727e+01
1.150000000000000000e+02,2.478699944596737481e+01
1.160000000000000000e+02,2.531799943409860276e+01
1.170000000000000000e+02,2.326399948000907969e+01
1.180000000000000000e+02,2.313149948297068548e+01
1.190000000000000000e+02,2.162449951665475822e+01
1.200000000000000000e+02,2.362849947186186839e+01
1.210000000000000000e+02,2.349449947485700108e+01
1.220000000000000000e+02,2.327899947967380356e+01
1.230000000000000000e+02,2.496099944207817245e+01
1.240000000000000000e+02,2.269099949281662632e+01
1.250000000000000000e+02,2.360749947233125567e+01
1.260000000000000000e+02,2.560499942768365145e+01
1.270000000000000000e+02,2.348149947514757585e+01
1.280000000000000000e+02,2.270549949249252819e+01
1.290000000000000000e+02,2.591199942082166530e+01
1.300000000000000000e+02,2.265949949352070547e+01
1.310000000000000000e+02,2.066749953804537654e+01
1.320000000000000000e+02,2.516299943756312274e+01
1.330000000000000000e+02,2.334099947828799415e+01
1.340000000000000000e+02,2.452299945186823749e+01
1.350000000000000000e+02,2.470149944787845087e+01
1.360000000000000000e+02,2.163499951642006636e+01
1.370000000000000000e+02,2.356649947324767780e+01
1.380000000000000000e+02,2.438549945494160198e+01
1.390000000000000000e+02,2.469449944803491093e+01
1.400000000000000000e+02,2.564699942674487687e+01
1.410000000000000000e+02,2.542949943160638071e+01
1.420000000000000000e+02,2.386399946659803462e+01
1.430000000000000000e+02,2.158099951762705970e+01
1.440000000000000000e+02,2.414549946030602001e+01
1.450000000000000000e+02,2.397249946417286992e+01
1.460000000000000000e+02,2.473099944721907306e+01
1.470000000000000000e+02,2.311249948339536786e+01
1.480000000000000000e+02,2.364649947145953846e+01
1.490000000000000000e+02,2.361249947221949697e+01
1.500000000000000000e+02,2.491449944311752773e+01
1.510000000000000000e+02,2.257049949551001333e+01
1.520000000000000000e+02,2.397499946411699057e+01
1.530000000000000000e+02,2.328199947960674621e+01
1.540000000000000000e+02,2.098099953103810478e+01
1.550000000000000000e+02,2.153499951865524054e+01
1.560000000000000000e+02,2.370249947020784020e+01
1.570000000000000000e+02,2.443849945375695754e+01
1.580000000000000000e+02,2.284849948929622698e+01
1.590000000000000000e+02,2.267599949315190244e+01
1.600000000000000000e+02,2.317649948196485710e+01
1.610000000000000000e+02,2.203349950751289654e+01
1.620000000000000000e+02,2.138599952198564935e+01
1.630000000000000000e+02,2.299299948606640243e+01
1.640000000000000000e+02,2.492549944287166142e+01
1.650000000000000000e+02,2.439199945479631282e+01
1.660000000000000000e+02,2.509949943898245550e+01
1.670000000000000000e+02,2.338399947732687068e+01
1.680000000000000000e+02,2.477749944617971778e+01
1.690000000000000000e+02,2.392849946515634585e+01
1.700000000000000000e+02,2.420899945888668370e+01
1.710000000000000000e+02,2.366099947113543678e+01
1.720000000000000000e+02,2.429599945694208074e+01
1.730000000000000000e+02,2.244199949838220931e+01
1.740000000000000000e+02,2.408349946169182587e+01
1.750000000000000000e+02,2.361699947211891271e+01
1.760000000000000000e+02,2.491299944315105819e+01
1.770000000000000000e+02,2.411799946092069291e+01
1.780000000000000000e+02,2.444649945357814502e+01
1.790000000000000000e+02,2.634649941110983562e+01
1.800000000000000000e+02,2.488949944367632128e+01
1.810000000000000000e+02,2.469199944809079028e+01
1.820000000000000000e+02,2.197299950886517905e+01
1.830000000000000000e+02,2.579749942338094115e+01
1.840000000000000000e+02,2.394149946486577463e+01
1.850000000000000000e+02,2.621699941400438405e+01
1.860000000000000000e+02,2.462699944954365350e+01
1.870000000000000000e+02,2.407899946179241013e+01
1.880000000000000000e+02,2.408649946162477207e+01
1.890000000000000000e+02,2.288399948850274157e+01
1.900000000000000000e+02,2.342799947634339475e+01
1.910000000000000000e+02,2.072649953672662448e+01
1.920000000000000000e+02,2.091849953243508864e+01
1.930000000000000000e+02,2.395149946464225721e+01
1.940000000000000000e+02,2.242749949870631099e+01
1.950000000000000000e+02,1.986199955604970313e+01
1.960000000000000000e+02,2.370599947012960840e+01
1.970000000000000000e+02,2.193299950975924872e+01
1.980000000000000000e+02,2.359199947267770625e+01
1.990000000000000000e+02,1.895199957638978816e+01
2.000000000000000000e+02,2.026499954704195261e+01
2.010000000000000000e+02,2.151849951902404356e+01
2.020000000000000000e+02,2.281599949002265859e+01
2.030000000000000000e+02,2.336749947769567370e+01
2.040000000000000000e+02,2.288499948848038912e+01
2.050000000000000000e+02,2.214649950498715114e+01
2.060000000000000000e+02,2.095999953150749207e+01
2.070000000000000000e+02,2.193799950964749002e+01
2.080000000000000000e+02,1.883599957898259092e+01
2.090000000000000000e+02,2.029799954630434655e+01
2.100000000000000000e+02,2.088049953328445696e+01
2.110000000000000000e+02,2.285749948909506202e+01
2.120000000000000000e+02,2.321899948101490807e+01
2.130000000000000000e+02,2.166349951578304101e+01
2.140000000000000000e+02,2.264649949381128025e+01
2.150000000000000000e+02,2.255499949585646391e+01
2.160000000000000000e+02,2.175249951379373670e+01
2.170000000000000000e+02,2.164249951625242829e+01
2.180000000000000000e+02,2.076949953576549746e+01
2.190000000000000000e+02,2.277249949099496007e+01
2.200000000000000000e+02,1.992549955463037037e+01
2.210000000000000000e+02,2.256149949571117830e+01
2.220000000000000000e+02,2.053399954102933478e+01
2.230000000000000000e+02,2.345849947566166449e+01
2.240000000000000000e+02,2.381149946777150106e+01
2.250000000000000000e+02,2.167899951543659043e+01
2.260000000000000000e+02,2.138099952209740806e+01
2.270000000000000000e+02,2.121049952590838217e+01
2.280000000000000000e+02,2.342299947645515346e+01
2.290000000000000000e+02,2.011549955038353943e+01
2.300000000000000000e+02,2.050549954166636013e+01
2.310000000000000000e+02,2.092049953239038729e+01
2.320000000000000000e+02,2.167049951562658094e+01
2.330000000000000000e+02,1.993349955445155430e+01
2.340000000000000000e+02,2.024149954756721925e+01
2.350000000000000000e+02,2.285499948915094137e+01
2.360000000000000000e+02,2.202849950762465525e+01
2.370000000000000000e+02,2.066649953806772899e+01
2.380000000000000000e+02,2.042199954353272773e+01
2.390000000000000000e+02,2.105999952927231789e+01
2.400000000000000000e+02,2.116599952690303255e+01
2.410000000000000000e+02,2.148699951972812272e+01
2.420000000000000000e+02,2.217849950427189398e+01
2.430000000000000000e+02,2.253599949628114629e+01
2.440000000000000000e+02,2.422849945845082331e+01
2.450000000000000000e+02,2.442949945395812250e+01
2.460000000000000000e+02,2.314949948256835199e+01
2.470000000000000000e+02,2.060149953952059221e+01
2.480000000000000000e+02,2.311249948339536786e+01
2.490000000000000000e+02,2.086199953369796134e+01
2.500000000000000000e+02,2.097849953109398413e+01
2.510000000000000000e+02,2.437399945519864630e+01
2.520000000000000000e+02,2.278599949069321084e+01
2.530000000000000000e+02,2.160049951719120287e+01
2.540000000000000000e+02,2.205249950708821416e+01
2.550000000000000000e+02,2.232649950096383762e+01
2.560000000000000000e+02,2.238399949967861247e+01
2.570000000000000000e+02,2.338749947724863887e+01
2.580000000000000000e+02,2.093799953199923181e+01
2.590000000000000000e+02,2.162799951657652997e+01
2.600000000000000000e+02,2.125049952501431250e+01
2.610000000000000000e+02,2.244599949829280305e+01
2.620000000000000000e+02,2.275899949129670929e+01
2.630000000000000000e+02,2.015949954940005995e+01
2.640000000000000000e+02,2.093599953204393316e+01
2.650000000000000000e+02,1.988099955562502075e+01
2.660000000000000000e+02,2.284999948926270008e+01
2.670000000000000000e+02,2.242549949875101589e+01
2.680000000000000000e+02,2.205299950707703971e+01
2.690000000000000000e+02,2.129899952393025231e+01
2.700000000000000000e+02,2.202749950764700770e+01
2.710000000000000000e+02,1.998749955324456096e+01
2.720000000000000000e+02,2.014099954981356788e+01
2.730000000000000000e+02,2.036449954481795288e+01
2.740000000000000000e+02,2.046799954250455045e+01
2.750000000000000000e+02,2.109599952846765447e+01
2.760000000000000000e+02,2.021649954812601280e+01
2.770000000000000000e+02,1.729149961350485754e+01
2.780000000000000000e+02,2.117749952664598823e+01
2.790000000000000000e+02,2.134199952296912528e+01
2.800000000000000000e+02,2.200099950823932815e+01
2.810000000000000000e+02,2.372499946970492601e+01
2.820000000000000000e+02,2.242699949871748544e+01
2.830000000000000000e+02,1.953299956340342902e+01
2.840000000000000000e+02,2.190149951046332788e+01
2.850000000000000000e+02,2.102549953004345440e+01
2.860000000000000000e+02,2.141549952132627510e+01
2.870000000000000000e+02,2.084599953405558992e+01
2.880000000000000000e+02,2.199599950835108686e+01
2.890000000000000000e+02,2.133249952318146825e+01
2.900000000000000000e+02,2.048449954213574387e+01
2.910000000000000000e+02,2.184799951165914678e+01
2.920000000000000000e+02,2.132549952333793186e+01
2.930000000000000000e+02,2.166099951583892036e+01
2.940000000000000000e+02,2.062549953898415112e+01
2.950000000000000000e+02,1.899199957549571849e+01
2.960000000000000000e+02,2.058699953984469033e+01
2.970000000000000000e+02,1.928099956903606582e+01
2.980000000000000000e+02,1.840499958861619234e+01
2.990000000000000000e+02,1.916399957165122103e+01
3.000000000000000000e+02,1.839049958894029402e+01
0.000000000000000000e+00,1.134999974630773040e-01
1.000000000000000000e+00,1.579999964684248026e-01
2.000000000000000000e+00,4.479999899864196555e-01
3.000000000000000000e+00,6.144999862648546918e-01
4.000000000000000000e+00,5.809999870136379752e-01
5.000000000000000000e+00,1.153999974206090018e+00
6.000000000000000000e+00,1.322499970439821482e+00
7.000000000000000000e+00,1.057499976363033056e+00
8.000000000000000000e+00,1.562499965075403452e+00
9.000000000000000000e+00,1.619499963801354081e+00
1.000000000000000000e+01,2.009499955084174783e+00
1.100000000000000000e+01,2.798999937437474550e+00
1.200000000000000000e+01,2.543499943148344933e+00
1.300000000000000000e+01,2.825499936845153659e+00
1.400000000000000000e+01,3.447999922931194394e+00
1.500000000000000000e+01,2.829999936744570732e+00
1.600000000000000000e+01,3.798499915096908985e+00
1.700000000000000000e+01,3.294499926362186581e+00
1.800000000000000000e+01,3.792999915219843476e+00
1.900000000000000000e+01,4.201999906077981350e+00
2.000000000000000000e+01,5.017499887850135565e+00
2.100000000000000000e+01,5.473499877657741486e+00
2.200000000000000000e+01,5.773999870941042722e+00
2.300000000000000000e+01,5.868999868817627252e+00
2.400000000000000000e+01,5.406999879144132493e+00
2.500000000000000000e+01,5.785499870683997514e+00
2.600000000000000000e+01,5.743499871622771202e+00
2.700000000000000000e+01,6.461999855563044903e+00
2.800000000000000000e+01,6.511999854445457814e+00
2.900000000000000000e+01,7.647999829053878429e+00
3.000000000000000000e+01,8.026499820593745227e+00
3.100000000000000000e+01,8.687499805819243193e+00
3.200000000000000000e+01,1.095699975509196555e+01
3.300000000000000000e+01,1.106399975270032954e+01
3.400000000000000000e+01,1.118649974996224117e+01
3.500000000000000000e+01,1.131549974707886541e+01
3.600000000000000000e+01,1.142699974458664691e+01
3.700000000000000000e+01,1.610449964003637291e+01
3.800000000000000000e+01,1.247449972117319739e+01
3.900000000000000000e+01,1.447649967642501068e+01
4.000000000000000000e+01,1.369399969391524863e+01
4.100000000000000000e+01,1.632149963518604707e+01
4.200000000000000000e+01,1.757949960706755377e+01
4.300000000000000000e+01,1.639749963348731399e+01
4.400000000000000000e+01,1.580399964675307345e+01
4.500000000000000000e+01,1.593049964392557705e+01
4.600000000000000000e+01,1.784949960103258348e+01
4.700000000000000000e+01,1.819099959339946437e+01
4.800000000000000000e+01,1.907999957352876663e+01
4.900000000000000000e+01,2.082199953459203101e+01
5.000000000000000000e+01,1.632399963513016772e+01
5.100000000000000000e+01,1.975849955836310912e+01
5.200000000000000000e+01,2.023599954769015241e+01
5.300000000000000000e+01,1.955499956291168928e+01
5.400000000000000000e+01,2.042199954353272773e+01
5.500000000000000000e+01,1.952349956361576844e+01
5.600000000000000000e+01,2.222149950331077051e+01
5.700000000000000000e+01,2.079599953517317701e+01
5.800000000000000000e+01,2.044799954295158528e+01
5.900000000000000000e+01,2.226399950236082148e+01
6.000000000000000000e+01,2.145199952051043368e+01
6.100000000000000000e+01,2.230649950141087245e+01
6.200000000000000000e+01,2.282649948978796672e+01
6.300000000000000000e+01,2.010699955057352639e+01
6.400000000000000000e+01,2.088799953311681890e+01
6.500000000000000000e+01,2.380699946787208177e+01
6.600000000000000000e+01,2.137349952226504612e+01
6.700000000000000000e+01,1.950099956411868263e+01
6.800000000000000000e+01,1.957599956244230199e+01
6.900000000000000000e+01,2.033249954553321004e+01
7.000000000000000000e+01,2.195149950934574079e+01
7.100000000000000000e+01,2.171299951467663192e+01
7.200000000000000000e+01,2.279849949041381407e+01
7.300000000000000000e+01,2.292449948759749390e+01
7.400000000000000000e+01,2.212049950556829714e+01
7.500000000000000000e+01,2.281099949013441730e+01
7.600000000000000000e+01,2.192749950988218188e+01
7.700000000000000000e+01,2.206099950689822364e+01
7.800000000000000000e+01,2.273749949177727103e+01
7.900000000000000000e+01,2.291449948782101131e+01
8.000000000000000000e+01,2.308649948397651386e+01
8.100000000000000000e+01,2.303749948507174850e+01
8.200000000000000000e+01,2.256249949568882585e+01
8.300000000000000000e+01,2.247799949757754945e+01
8.400000000000000000e+01,2.283749948954209685e+01
8.500000000000000000e+01,2.313699948284774877e+01
8.600000000000000000e+01,2.497599944174289632e+01
8.700000000000000000e+01,2.185499951150268316e+01
8.800000000000000000e+01,2.436799945533275746e+01
8.900000000000000000e+01,2.193849950963631201e+01
9.000000000000000000e+01,2.293249948741868138e+01
9.100000000000000000e+01,2.402849946292117167e+01
9.200000000000000000e+01,2.347649947525933456e+01
9.300000000000000000e+01,2.337999947741627693e+01
9.400000000000000000e+01,2.212499950546771288e+01
9.500000000000000000e+01,2.327749947970733047e+01
9.600000000000000000e+01,2.319649948151782226e+01
9.700000000000000000e+01,2.363649947168305587e+01
9.800000000000000000e+01,2.304949948480352617e+01
9.900000000000000000e+01,2.400199946351349212e+01
1.000000000000000000e+02,2.525499943550676107e+01
1.010000000000000000e+02,2.383999946713447571e+01
1.020000000000000000e+02,2.361849947208538580e+01
1.030000000000000000e+02,2.482899944502860379e+01
1.040000000000000000e+02,2.576949942400678850e+01
1.050000000000000000e+02,2.302299948539585017e+01
1.060000000000000000e+02,2.374749946920201182e+01
1.070000000000000000e+02,2.393549946499988579e+01
1.080000000000000000e+02,2.358249947289004922e+01
1.090000000000000000e+02,2.170799951478839063e+01
1.100000000000000000e+02,2.548349943039938736e+01
1.110000000000000000e+02,2.365999947115778923e+01
1.120000000000000000e+02,2.365399947129190039e+01
1.130000000000000000e+02,2.326049948008731150e+01
1.140000000000000000e+02,2.325249948026612401e+01
1.150000000000000000e+02,2.487099944408982921e+01
1.160000000000000000e+02,2.467999944835901260e+01
1.170000000000000000e+02,2.444699945356696702e+01
1.180000000000000000e+02,2.312099948320537735e+01
1.190000000000000000e+02,2.545899943094700646e+01
1.200000000000000000e+02,2.520999943651258945e+01
1.210000000000000000e+02,2.404399946257472109e+01
1.220000000000000000e+02,2.521699943635612584e+01
1.230000000000000000e+02,2.522249943623319268e+01
1.240000000000000000e+02,2.428949945708736635e+01
1.250000000000000000e+02,2.397949946401640631e+01
1.260000000000000000e+02,2.368999947048723698e+01
1.270000000000000000e+02,2.503999944031238556e+01
1.280000000000000000e+02,2.460249945009127259e+01
1.290000000000000000e+02,2.389849946582689810e+01
1.300000000000000000e+02,2.439249945478513837e+01
1.310000000000000000e+02,2.615249941544607282e+01
1.320000000000000000e+02,2.591299942079931640e+01
1.330000000000000000e+02,2.376249946886673570e+01
1.340000000000000000e+02,2.421799945868551873e+01
1.350000000000000000e+02,2.321199948117136813e+01
1.360000000000000000e+02,2.575899942424148392e+01
1.370000000000000000e+02,2.185499951150268316e+01
1.380000000000000000e+02,2.386549946656450771e+01
1.390000000000000000e+02,2.485699944440275289e+01
1.400000000000000000e+02,2.478199944607913352e+01
1.410000000000000000e+02,2.577999942377209663e+01
1.420000000000000000e+02,2.597699941936880208e+01
1.430000000000000000e+02,2.425849945778027106e+01
1.440000000000000000e+02,2.435849945554509688e+01
1.450000000000000000e+02,2.605899941753596138e+01
1.460000000000000000e+02,2.363149947179481458e+01
1.470000000000000000e+02,2.528949943473562456e+01
1.480000000000000000e+02,2.435799945555627488e+01
1.490000000000000000e+02,2.328799947947263860e+01
1.500000000000000000e+02,2.434199945591389991e+01
1.510000000000000000e+02,2.412249946082010865e+01
1.520000000000000000e+02,2.398499946389347315e+01
1.530000000000000000e+02,2.396299946438521289e+01
1.540000000000000000e+02,2.694649939769879055e+01
1.550000000000000000e+02,2.557449942836537815e+01
1.560000000000000000e+02,2.400549946343526386e+01
1.570000000000000000e+02,2.537549943281337761e+01
1.580000000000000000e+02,2.449349945252761174e+01
1.590000000000000000e+02,2.681149940071627569e+01
1.600000000000000000e+02,2.236549950009212040e+01
1.610000000000000000e+02,2.402649946296587657e+01
1.620000000000000000e+02,2.532099943403154541e+01
1.630000000000000000e+02,2.357099947314709354e+01
1.640000000000000000e+02,2.287449948871508099e+01
1.650000000000000000e+02,2.339899947699159455e+01
1.660000000000000000e+02,2.175599951371550489e+01
1.670000000000000000e+02,2.433349945610389042e+01
1.680000000000000000e+02,2.492149944296106767e+01
1.690000000000000000e+02,2.596749941958114505e+01
1.700000000000000000e+02,2.460349945006892014e+01
1.710000000000000000e+02,2.361749947210773826e+01
1.720000000000000000e+02,2.228849950181320239e+01
1.730000000000000000e+02,2.439999945461750031e+01
1.740000000000000000e+02,2.676499940175563097e+01
1.750000000000000000e+02,2.497199944183230258e+01
1.760000000000000000e+02,2.464949944904073931e+01
1.770000000000000000e+02,2.251799949668347978e+01
1.780000000000000000e+02,2.469699944797903157e+01
1.790000000000000000e+02,2.709099939446896244e+01
1.800000000000000000e+02,2.316949948212131716e+01
1.810000000000000000e+02,2.488349944381043244e+01
1.820000000000000000e+02,2.596999941952526569e+01
1.830000000000000000e+02,2.520999943651258945e+01
1.840000000000000000e+02,2.635699941087514020e+01
1.850000000000000000e+02,2.375749946897849441e+01
1.860000000000000000e+02,2.589399942122399878e+01
1.870000000000000000e+02,2.554549942901358150e+01
1.880000000000000000e+02,2.361299947220832252e+01
1.890000000000000000e+02,2.378999946825206280e+01
1.900000000000000000e+02,2.670649940306320858e+01
1.910000000000000000e+02,2.557949942825361944e+01
1.920000000000000000e+02,2.569799942560494088e+01
1.930000000000000000e+02,2.503449944043531872e+01
1.940000000000000000e+02,2.478449944602325417e+01
1.950000000000000000e+02,2.443099945392459560e+01
1.960000000000000000e+02,2.473099944721907306e+01
1.970000000000000000e+02,2.728999939002096653e+01
1.980000000000000000e+02,2.661699940506368733e+01
1.990000000000000000e+02,2.477899944614619088e+01
2.000000000000000000e+02,2.434699945580214120e+01
2.010000000000000000e+02,2.383149946732446622e+01
2.020000000000000000e+02,2.572649942496791553e+01
2.030000000000000000e+02,2.499299944136291884e+01
2.040000000000000000e+02,2.512349943844601441e+01
2.050000000000000000e+02,2.334749947814270854e+01
2.060000000000000000e+02,2.625049941325560354e+01
2.070000000000000000e+02,2.497649944173172187e+01
2.080000000000000000e+02,2.600999941863119602e+01
2.090000000000000000e+02,2.467999944835901260e+01
2.100000000000000000e+02,2.655599940642714429e+01
2.110000000000000000e+02,2.550399942994117808e+01
2.120000000000000000e+02,2.553149942932650518e+01
2.130000000000000000e+02,2.707349939486011792e+01
2.140000000000000000e+02,2.596899941954761815e+01
2.150000000000000000e+02,2.428499945718795061e+01
2.160000000000000000e+02,2.768399938121438097e+01
2.170000000000000000e+02,2.660199940539896346e+01
2.180000000000000000e+02,2.443799945376813554e+01
2.190000000000000000e+02,2.524399943575263094e+01
2.200000000000000000e+02,2.520649943659082126e+01
2.210000000000000000e+02,2.528699943479150392e+01
2.220000000000000000e+02,2.537899943273514580e+01
2.230000000000000000e+02,2.523899943586438965e+01
2.240000000000000000e+02,2.633299941141158484e+01
2.250000000000000000e+02,2.170199951492249824e+01
2.260000000000000000e+02,2.336749947769567370e+01
2.270000000000000000e+02,2.508299943935126208e+01
2.280000000000000000e+02,2.514149943804368448e+01
2.290000000000000000e+02,2.476649944642558765e+01
2.300000000000000000e+02,2.266999949328601360e+01
2.310000000000000000e+02,2.204699950721114732e+01
2.320000000000000000e+02,2.362149947201833200e+01
2.330000000000000000e+02,2.181799951232969903e+01
2.340000000000000000e+02,2.384899946693331074e+01
2.350000000000000000e+02,2.434799945577979230e+01
2.360000000000000000e+02,2.562899942714721035e+01
2.370000000000000000e+02,2.339599947705864835e+01
2.380000000000000000e+02,2.000449955286457993e+01
2.390000000000000000e+02,2.490299944337457561e+01
2.400000000000000000e+02,2.427249945746734738e+01
2.410000000000000000e+02,2.138399952203035426e+01
2.420000000000000000e+02,2.180699951257556535e+01
2.430000000000000000e+02,2.310199948363005973e+01
2.440000000000000000e+02,2.520549943661317371e+01
2.450000000000000000e+02,2.413649946050718498e+01
2.460000000000000000e+02,2.153949951855465628e+01
2.470000000000000000e+02,2.378999946825206280e+01
2.480000000000000000e+02,2.350449947463348366e+01
2.490000000000000000e+02,2.836249936604872346e+01
2.500000000000000000e+02,2.449249945254996419e+01
2.510000000000000000e+02,2.586799942180514478e+01
2.520000000000000000e+02,2.483299944493919753e+01
2.530000000000000000e+02,2.332299947869032763e+01
2.540000000000000000e+02,2.322249948093667626e+01
2.550000000000000000e+02,2.260949949463829256e+01
2.560000000000000000e+02,2.423999945819377899e+01
2.570000000000000000e+02,2.508249943936243653e+01
2.580000000000000000e+02,2.384349946705624390e+01
2.590000000000000000e+02,2.486199944429099418e+01
2.600000000000000000e+02,2.309949948368593908e+01
2.610000000000000000e+02,2.449399945251643729e+01
2.620000000000000000e+02,2.427099945750087429e+01
2.630000000000000000e+02,2.442199945412576056e+01
2.640000000000000000e+02,2.052999954111874104e+01
2.650000000000000000e+02,2.407549946187064194e+01
2.660000000000000000e+02,2.296099948678165603e+01
2.670000000000000000e+02,2.430649945670738887e+01
2.680000000000000000e+02,2.210099950600415397e+01
2.690000000000000000e+02,2.413199946060776568e+01
2.700000000000000000e+02,2.135549952266737961e+01
2.710000000000000000e+02,2.544749943120405078e+01
2.720000000000000000e+02,2.295599948689341474e+01
2.730000000000000000e+02,2.224599950276315141e+01
2.740000000000000000e+02,2.431499945651739836e+01
2.750000000000000000e+02,2.504199944026768065e+01
2.760000000000000000e+02,2.367699947077780820e+01
2.770000000000000000e+02,2.525649943547323417e+01
2.780000000000000000e+02,2.360549947237596058e+01
2.790000000000000000e+02,2.319949948145076490e+01
2.800000000000000000e+02,2.613799941577017449e+01
2.810000000000000000e+02,2.236899950001388859e+01
2.820000000000000000e+02,2.365949947116896368e+01
2.830000000000000000e+02,2.359799947254359864e+01
2.840000000000000000e+02,2.447149945301935148e+01
2.850000000000000000e+02,2.381349946772679615e+01
2.860000000000000000e+02,2.512449943842366196e+01
2.870000000000000000e+02,2.480299944560974978e+01
2.880000000000000000e+02,2.312249948317185044e+01
2.890000000000000000e+02,2.391799946539104127e+01
2.900000000000000000e+02,2.349999947473406792e+01
2.910000000000000000e+02,2.345949947563931204e+01
2.920000000000000000e+02,2.408149946173653078e+01
2.930000000000000000e+02,2.499999944120645523e+01
2.940000000000000000e+02,2.635049941102042936e+01
2.950000000000000000e+02,2.301149948565289449e+01
2.960000000000000000e+02,2.475099944677203823e+01
2.970000000000000000e+02,2.082749953446909785e+01
2.980000000000000000e+02,2.445049945348873877e+01
2.990000000000000000e+02,2.302099948544055152e+01
3.000000000000000000e+02,1.962049956144765162e+01
0.000000000000000000e+00,1.359999969601631276e-01
1.000000000000000000e+00,2.134999952279031388e-01
2.000000000000000000e+00,2.419999945908784811e-01
3.000000000000000000e+00,5.114999885670841184e-01
4.000000000000000000e+00,9.749999782070517540e-01
5.000000000000000000e+00,1.234499972406774670e+00
6.000000000000000000e+00,1.132499974686652422e+00
7.000000000000000000e+00,1.517999966070056050e+00
8.000000000000000000e+00,1.377999969199299901e+00
9.000000000000000000e+00,1.277499971445649862e+00
1.000000000000000000e+01,1.946999956481158645e+00
1.100000000000000000e+01,2.518999943695962251e+00
1.200000000000000000e+01,1.828499959129840091e+00
1.300000000000000000e+01,2.298499948624521672e+00
1.400000000000000000e+01,1.819499959331005723e+00
1.500000000000000000e+01,3.154499929491430432e+00
1.600000000000000000e+01,2.460999944992363631e+00
1.700000000000000000e+01,3.306999926082789809e+00
1.800000000000000000e+01,3.178999928943812670e+00
1.900000000000000000e+01,3.842999914102256387e+00
2.000000000000000000e+01,3.945999911800027071e+00
2.100000000000000000e+01,3.586499919835477890e+00
2.200000000000000000e+01,4.292499904055148363e+00
2.300000000000000000e+01,4.241999905183911679e+00
2.400000000000000000e+01,5.036499887425452293e+00
2.500000000000000000e+01,5.500999877043068587e+00
2.600000000000000000e+01,5.029999887570738792e+00
2.700000000000000000e+01,4.508499899227172314e+00
2.800000000000000000e+01,4.651999896019697545e+00
2.900000000000000000e+01,5.102499885950237513e+00
3.000000000000000000e+01,5.271499882172792972e+00
3.100000000000000000e+01,5.650499873701482656e+00
3.200000000000000000e+01,6.859999846667051315e+00
3.300000000000000000e+01,5.762999871186911705e+00
3.400000000000000000e+01,5.521499876584857525e+00
3.500000000000000000e+01,5.667999873310327175e+00
3.600000000000000000e+01,6.061499864514916958e+00
3.700000000000000000e+01,6.744999849237501621e+00
3.800000000000000000e+01,6.767499848734587431e+00
3.900000000000000000e+01,7.220999838598072706e+00
4.000000000000000000e+01,6.220499860960989835e+00
4.100000000000000000e+01,5.846499869320541443e+00
4.200000000000000000e+01,6.769999848678708076e+00
4.300000000000000000e+01,6.951999844610691426e+00
4.400000000000000000e+01,6.770999848656356512e+00
4.500000000000000000e+01,7.608999829925596536e+00
4.600000000000000000e+01,7.342999835871159675e+00
4.700000000000000000e+01,7.930499822739511373e+00
4.800000000000000000e+01,9.215499794017523172e+00
4.900000000000000000e+01,7.799499825667590258e+00
5.000000000000000000e+01,8.198499816749244218e+00
5.100000000000000000e+01,9.872499779332429171e+00
5.200000000000000000e+01,9.073499797191470151e+00
5.300000000000000000e+01,8.995499798934906366e+00
5.400000000000000000e+01,9.533499786909668927e+00
5.500000000000000000e+01,8.908999800868333097e+00
5.600000000000000000e+01,1.056449976386502421e+01
5.700000000000000000e+01,9.490999787859617953e+00
5.800000000000000000e+01,1.117749975016340613e+01
5.900000000000000000e+01,1.061749976268038154e+01
6.000000000000000000e+01,9.565499786194413545e+00
6.100000000000000000e+01,9.928999778069556470e+00
6.200000000000000000e+01,1.081199975833296811e+01
6.300000000000000000e+01,1.061049976283684337e+01
6.400000000000000000e+01,9.815499780606478097e+00
6.500000000000000000e+01,1.039349976768717099e+01
6.600000000000000000e+01,1.025549977077171171e+01
6.700000000000000000e+01,1.037749976804479957e+01
6.800000000000000000e+01,1.055449976408854162e+01
6.900000000000000000e+01,9.963999777287245507e+00
7.000000000000000000e+01,1.037199976816773450e+01
7.100000000000000000e+01,1.019199977219104802e+01
7.200000000000000000e+01,1.173999973759055138e+01
7.300000000000000000e+01,1.091249975608661771e+01
7.400000000000000000e+01,1.100199975408613717e+01
7.500000000000000000e+01,1.092799975574016536e+01
7.600000000000000000e+01,1.055549976406618917e+01
7.700000000000000000e+01,1.253399971984326911e+01
7.800000000000000000e+01,9.535499786864965799e+00
7.900000000000000000e+01,9.811499780695886130e+00
8.000000000000000000e+01,1.008999977447092533e+01
8.100000000000000000e+01,8.738999804668129201e+00
8.200000000000000000e+01,1.043599976673722196e+01
8.300000000000000000e+01,1.052599976472556520e+01
8.400000000000000000e+01,9.633999784663320298e+00
8.500000000000000000e+01,1.081399975828826499e+01
8.600000000000000000e+01,9.047499797772616148e+00
8.700000000000000000e+01,1.043099976684898067e+01
8.800000000000000000e+01,8.546499808970839496e+00
8.900000000000000000e+01,1.064349976209923554e+01
9.000000000000000000e+01,8.354499813262373564e+00
9.100000000000000000e+01,9.973999777063728089e+00
9.200000000000000000e+01,9.757499781902879477e+00
9.300000000000000000e+01,1.026099977064877677e+01
9.400000000000000000e+01,1.129249974759295583e+01
9.500000000000000000e+01,1.105949975280091202e+01
9.600000000000000000e+01,1.035949976844713127e+01
9.700000000000000000e+01,1.199499973189085722e+01
9.800000000000000000e+01,1.128799974769353831e+01
9.900000000000000000e+01,1.085699975732713973e+01
1.000000000000000000e+02,1.283549971310421789e+01
1.010000000000000000e+02,1.227799972556531394e+01
1.020000000000000000e+02,1.210349972946569252e+01
1.030000000000000000e+02,1.253799971975386107e+01
1.040000000000000000e+02,1.200549973165616358e+01
1.050000000000000000e+02,1.190999973379075527e+01
1.060000000000000000e+02,1.222899972666055035e+01
1.070000000000000000e+02,1.381449969122186339e+01
1.080000000000000000e+02,1.529099965821951557e+01
1.090000000000000000e+02,1.170199973843991792e+01
1.100000000000000000e+02,1.380699969138950145e+01
1.110000000000000000e+02,1.386349969012662697e+01
1.120000000000000000e+02,1.464899967256933522e+01
1.130000000000000000e+02,1.397649968760088157e+01
1.140000000000000000e+02,1.229449972519651091e+01
1.150000000000000000e+02,1.325849970364943076e+01
1.160000000000000000e+02,1.310199970714747941e+01
1.170000000000000000e+02,1.426149968123063516e+01
1.180000000000000000e+02,1.414999968372285366e+01
1.190000000000000000e+02,1.453049967521801555e+01
1.200000000000000000e+02,1.596349964318796921e+01
1.210000000000000000e+02,1.571899964865297150e+01
1.220000000000000000e+02,1.509699966255575454e+01
1.230000000000000000e+02,1.536699965652078426e+01
1.240000000000000000e+02,1.356899969670921635e+01
1.250000000000000000e+02,1.298699970971792972e+01
1.260000000000000000e+02,1.380049969153478706e+01
1.270000000000000000e+02,1.350849969806149531e+01
1.280000000000000000e+02,1.547899965401738953e+01
1.290000000000000000e+02,1.515449966127052939e+01
1.300000000000000000e+02,1.573249964835122228e+01
1.310000000000000000e+02,1.450849967570975352e+01
1.320000000000000000e+02,1.524599965922534395e+01
1.330000000000000000e+02,1.470949967121705448e+01
1.340000000000000000e+02,1.369699969384819305e+01
1.350000000000000000e+02,1.592099964413791824e+01
1.360000000000000000e+02,1.598299964275211060e+01
1.370000000000000000e+02,1.577199964746832883e+01
1.380000000000000000e+02,1.644349963245913315e+01
1.390000000000000000e+02,1.622649963730946254e+01
1.400000000000000000e+02,1.480299966912716592e+01
1.410000000000000000e+02,1.416799968332052195e+01
1.420000000000000000e+02,1.340249970043078065e+01
1.430000000000000000e+02,1.450649967575445842e+01
1.440000000000000000e+02,1.490799966678023303e+01
1.450000000000000000e+02,1.411949968440458214e+01
1.460000000000000000e+02,1.511899966206401658e+01
1.470000000000000000e+02,1.392299968879669869e+01
1.480000000000000000e+02,1.390599968917667795e+01
1.490000000000000000e+02,1.573749964823946357e+01
1.500000000000000000e+02,1.461949967322871125e+01
1.510000000000000000e+02,1.545749965449795127e+01
1.520000000000000000e+02,1.495199966579675710e+01
1.530000000000000000e+02,1.477099966984242130e+01
1.540000000000000000e+02,1.405849968576803732e+01
1.550000000000000000e+02,1.491749966656789184e+01
1.560000000000000000e+02,1.532649965742603015e+01
1.570000000000000000e+02,1.272949971547350323e+01
1.580000000000000000e+02,1.482199966870248353e+01
1.590000000000000000e+02,1.288499971199780703e+01
1.600000000000000000e+02,1.309849970722570944e+01
1.610000000000000000e+02,1.258399971872568202e+01
1.620000000000000000e+02,1.460549967354163492e+01
1.630000000000000000e+02,1.210299972947686875e+01
1.640000000000000000e+02,1.471249967114999890e+01
1.650000000000000000e+02,1.321199970468878782e+01
1.660000000000000000e+02,1.243699972201138770e+01
1.670000000000000000e+02,1.352199969775974786e+01
1.680000000000000000e+02,1.326749970344826579e+01
1.690000000000000000e+02,1.400099968705326248e+01
1.700000000000000000e+02,1.358199969641864335e+01
1.710000000000000000e+02,1.338149970090016794e+01
1.720000000000000000e+02,1.459899967368692231e+01
1.730000000000000000e+02,1.223549972651526296e+01
1.740000000000000000e+02,1.495799966566264594e+01
1.750000000000000000e+02,1.404649968603625965e+01
1.760000000000000000e+02,1.537199965640902555e+01
1.770000000000000000e+02,1.261249971808865666e+01
1.780000000000000000e+02,1.452399967536330294e+01
1.790000000000000000e+02,1.511699966210871970e+01
1.800000000000000000e+02,1.752699960824102021e+01
1.810000000000000000e+02,1.541399965547025275e+01
1.820000000000000000e+02,1.672999962605535984e+01
1.830000000000000000e+02,1.583999964594841003e+01
1.840000000000000000e+02,1.564599965028464723e+01
1.850000000000000000e+02,1.667849962720647383e+01
1.860000000000000000e+02,1.642899963278323483e+01
1.870000000000000000e+02,1.551849965313449431e+01
1.880000000000000000e+02,1.536599965654313493e+01
1.890000000000000000e+02,1.459449967378750479e+01
1.900000000000000000e+02,1.663849962810054350e+01
1.910000000000000000e+02,1.454649967486038875e+01
1.920000000000000000e+02,1.395249968813732266e+01
1.930000000000000000e+02,1.445649967687204551e+01
1.940000000000000000e+02,1.306849970789626170e+01
1.950000000000000000e+02,1.498099966514855552e+01
1.960000000000000000e+02,1.548099965397268463e+01
1.970000000000000000e+02,1.616349963871762085e+01
1.980000000000000000e+02,1.737099961172789264e+01
1.990000000000000000e+02,1.541849965536966849e+01
2.000000000000000000e+02,1.590999964438378811e+01
2.010000000000000000e+02,1.567149964971467924e+01
2.020000000000000000e+02,1.575399964787066054e+01
2.030000000000000000e+02,1.461399967335164618e+01
2.040000000000000000e+02,1.580849964665248919e+01
2.050000000000000000e+02,1.600149964233860445e+01
2.060000000000000000e+02,1.643199963271617747e+01
2.070000000000000000e+02,1.531649965764954757e+01
2.080000000000000000e+02,1.665549962772056602e+01
2.090000000000000000e+02,1.369699969384819305e+01
2.100000000000000000e+02,1.684049962358549379e+01
2.110000000000000000e+02,1.344999969936907291e+01
2.120000000000000000e+02,1.381999969109892845e+01
2.130000000000000000e+02,1.522649965966120433e+01
2.140000000000000000e+02,1.562099965084344078e+01
2.150000000000000000e+02,1.360399969592690539e+01
2.160000000000000000e+02,1.499199966490268743e+01
2.170000000000000000e+02,1.564049965040758217e+01
2.180000000000000000e+02,1.511549966214224661e+01
2.190000000000000000e+02,1.505749966343864799e+01
2.200000000000000000e+02,1.502549966415390337e+01
2.210000000000000000e+02,1.305999970808625221e+01
2.220000000000000000e+02,1.566099964994937110e+01
2.230000000000000000e+02,1.275399971492588591e+01
2.240000000000000000e+02,1.473949967054650223e+01
2.250000000000000000e+02,1.661899962853640389e+01
2.260000000000000000e+02,1.464749967260286212e+01
2.270000000000000000e+02,1.454449967490509188e+01
2.280000000000000000e+02,1.375499969255179167e+01
2.290000000000000000e+02,1.295899971034377884e+01
2.300000000000000000e+02,1.603349964162334729e+01
2.310000000000000000e+02,1.198549973210319841e+01
2.320000000000000000e+02,1.397599968761205602e+01
2.330000000000000000e+02,1.314099970627576042e+01
2.340000000000000000e+02,1.380649969140067768e+01
2.350000000000000000e+02,1.434149967944249582e+01
2.360000000000000000e+02,1.346349969906732369e+01
2.370000000000000000e+02,1.455449967468157446e+01
2.380000000000000000e+02,1.362049969555810058e+01
2.390000000000000000e+02,1.146299974378198350e+01
2.400000000000000000e+02,1.202499973122030497e+01
2.410000000000000000e+02,1.234299972411245072e+01
2.420000000000000000e+02,1.490599966682493616e+01
2.430000000000000000e+02,1.317099970560520816e+01
2.440000000000000000e+02,1.515349966129288006e+01
2.450000000000000000e+02,1.086149975722655725e+01
2.460000000000000000e+02,1.525999965891242027e+01
2.470000000000000000e+02,1.332999970205128193e+01
2.480000000000000000e+02,1.190949973380193150e+01
2.490000000000000000e+02,1.624949963679537035e+01
2.500000000000000000e+02,1.465599967241287160e+01
2.510000000000000000e+02,1.340799970030784571e+01
2.520000000000000000e+02,1.389549968941137159e+01
2.530000000000000000e+02,1.334899970162659955e+01
2.540000000000000000e+02,1.367099969442933727e+01
2.550000000000000000e+02,1.471099967118352581e+01
2.560000000000000000e+02,1.386899969000369381e+01
2.570000000000000000e+02,1.259399971850216460e+01
2.580000000000000000e+02,1.429349968051537800e+01
2.590000000000000000e+02,1.383699969071894920e+01
2.600000000000000000e+02,1.219999972730875015e+01
2.610000000000000000e+02,1.520699966009706294e+01
2.620000000000000000e+02,1.276099971476942230e+01
2.630000000000000000e+02,1.301849970901384879e+01
2.640000000000000000e+02,1.296449971022084391e+01
2.650000000000000000e+02,1.531499965768307447e+01
2.660000000000000000e+02,1.187049973467364872e+01
2.670000000000000000e+02,1.291349971136078167e+01
2.680000000000000000e+02,1.226049972595646942e+01
2.690000000000000000e+02,1.500049966471269691e+01
2.700000000000000000e+02,1.520199966020882165e+01
2.710000000000000000e+02,1.485099966805428195e+01
2.720000000000000000e+02,1.244149972191080522e+01
2.730000000000000000e+02,1.336049970136955345e+01
2.740000000000000000e+02,1.567499964963644743e+01
2.750000000000000000e+02,1.318399970531463694e+01
2.760000000000000000e+02,1.117099975030869174e+01
2.770000000000000000e+02,1.372399969324469637e+01
2.780000000000000000e+02,1.592449964405968821e+01
2.790000000000000000e+02,1.405699968580156600e+01
2.800000000000000000e+02,1.226699972581118381e+01
2.810000000000000000e+02,1.339499970059841871e+01
2.820000000000000000e+02,1.249849972063675452e+01
2.830000000000000000e+02,1.307149970782920789e+01
2.840000000000000000e+02,1.661099962871521640e+01
2.850000000000000000e+02,1.429999968037009239e+01
2.860000000000000000e+02,1.387949968976900017e+01
2.870000000000000000e+02,1.490449966685846483e+01
2.880000000000000000e+02,1.497099966537207294e+01
2.890000000000000000e+02,1.496699966546148097e+01
2.900000000000000000e+02,1.550899965334683728e+01
2.910000000000000000e+02,1.470349967135116387e+01
2.920000000000000000e+02,1.233749972423538566e+01
2.930000000000000000e+02,1.451749967550858855e+01
2.940000000000000000e+02,1.330399970263242793e+01
2.950000000000000000e+02,1.427399968095123839e+01
2.960000000000000000e+02,1.508649966279044818e+01
2.970000000000000000e+02,1.702249961951747537e+01
2.980000000000000000e+02,1.392199968881905114e+01
2.990000000000000000e+02,1.532049965756013954e+01
3.000000000000000000e+02,1.785949960080906607e+01
